AreaCode,Year,OwnerPct,RentalPct,SubsidizedPct
Pääkaupunkiseutu,2015,47.1,42.1,3.2
Pääkaupunkiseutu,2016,46.5,42.4,3.3
Pääkaupunkiseutu,2017,46.0,43.0,3.3
Pääkaupunkiseutu,2018,45.4,43.5,3.5
Pääkaupunkiseutu,2019,45.0,44.0,3.6
Pääkaupunkiseutu,2020,45.9,44.1,3.6
Pääkaupunkiseutu,2021,45.1,44.2,3.6
Pääkaupunkiseutu,2022,44.4,44.6,3.6
Pääkaupunkiseutu,2023,44.3,44.8,3.7
Pääkaupunkiseutu,2024,43.9,45.1,3.7
091,2015,42.3,46.3,2.6
091,2016,41.9,46.5,2.7
091,2017,41.6,46.9,2.8
091,2018,41.3,47.1,3.0
091,2019,41.3,47.4,3.2
091,2020,42.6,47.3,3.2
091,2021,41.8,47.4,3.2
091,2022,41.2,47.8,3.2
091,2023,41.1,47.9,3.3
091,2024,41.0,47.8,3.4
0911,2015,41.6,41.7,0.3
0911,2016,41.4,42.0,0.3
0911,2017,41.2,42.7,0.5
0911,2018,41.2,43.2,0.5
0911,2019,41.9,43.7,0.5
0911,2020,43.5,43.9,0.5
0911,2021,42.4,44.3,0.5
0911,2022,41.9,44.7,0.6
0911,2023,42.2,44.5,0.8
0911,2024,42.6,43.8,0.9
091101,2015,42.1,38.5,0.0
091101,2016,42.2,38.2,0.0
091101,2017,42.1,39.3,0.0
091101,2018,42.2,39.1,0.0
091101,2019,43.1,39.2,0.0
091101,2020,44.7,38.0,0.0
091101,2021,44.1,38.8,0.0
091101,2022,43.1,40.1,0.0
091101,2023,43.8,40.0,0.0
091101,2024,44.7,39.0,0.0
09110,2015,43.0,39.1,0.0
09110,2016,43.1,38.9,0.0
09110,2017,43.1,40.1,0.0
09110,2018,43.0,40.2,0.0
09110,2019,44.3,40.6,0.0
09110,2020,45.9,38.6,0.0
09110,2021,45.1,39.9,0.0
09110,2022,44.0,40.6,0.0
09110,2023,45.0,40.2,0.0
09110,2024,45.9,39.1,0.0
09120,2015,29.7,24.9,0.0
09120,2016,30.2,24.6,0.0
09120,2017,30.9,26.7,0.0
09120,2018,31.2,25.3,0.0
09120,2019,35.5,26.3,0.0
09120,2020,33.9,27.0,0.0
09120,2021,33.9,26.2,0.0
09120,2022,33.7,28.1,0.0
09120,2023,33.2,27.8,0.0
09120,2024,35.1,25.6,0.0
09180,2015,43.3,40.4,0.0
09180,2016,43.2,40.2,0.0
09180,2017,42.9,40.7,0.0
09180,2018,43.2,40.2,0.0
09180,2019,42.7,39.3,0.0
09180,2020,45.1,39.3,0.0
09180,2021,44.5,39.7,0.0
09180,2022,43.5,41.9,0.0
09180,2023,44.2,42.3,0.0
09180,2024,44.9,41.7,0.0
091102,2015,40.2,39.8,0.0
091102,2016,40.3,39.9,0.0
091102,2017,40.1,39.4,0.0
091102,2018,40.0,39.3,0.0
091102,2019,41.0,39.8,0.0
091102,2020,43.3,40.8,0.0
091102,2021,42.1,41.1,0.0
091102,2022,41.8,40.8,0.0
091102,2023,42.6,40.1,0.0
091102,2024,43.2,39.6,0.0
09130,2015,39.4,31.4,0.0
09130,2016,39.5,30.6,0.0
09130,2017,39.2,28.8,0.0
09130,2018,38.6,27.7,0.0
09130,2019,42.2,29.5,0.0
09130,2020,43.3,33.4,0.0
09130,2021,41.1,33.7,0.0
09130,2022,40.9,31.9,0.0
09130,2023,41.8,31.9,0.0
09130,2024,40.7,29.4,0.0
09150,2015,42.1,39.8,0.0
09150,2016,42.8,40.5,0.0
09150,2017,42.1,40.3,0.0
09150,2018,41.8,40.0,0.0
09150,2019,42.7,40.9,0.0
09150,2020,45.2,41.6,0.0
09150,2021,43.5,42.5,0.0
09150,2022,43.2,42.2,0.0
09150,2023,43.3,41.8,0.0
09150,2024,43.6,41.6,0.0
09160,2015,39.5,34.5,0.0
09160,2016,39.8,33.3,0.0
09160,2017,40.8,33.9,0.0
09160,2018,39.8,33.1,0.0
09160,2019,43.1,32.8,0.0
09160,2020,45.8,36.2,0.0
09160,2021,45.2,36.8,0.0
09160,2022,44.5,35.0,0.0
09160,2023,43.7,35.2,0.0
09160,2024,45.0,33.6,0.0
09170,2015,40.3,38.3,0.0
09170,2016,40.0,38.4,0.0
09170,2017,40.0,38.2,0.0
09170,2018,40.2,38.2,0.0
09170,2019,41.0,38.0,0.0
09170,2020,43.2,40.3,0.0
09170,2021,42.5,40.2,0.0
09170,2022,42.3,40.2,0.0
09170,2023,43.5,39.2,0.0
09170,2024,44.3,38.6,0.0
09190,2015,38.6,35.4,0.0
09190,2016,39.1,32.8,0.0
09190,2017,40.7,33.0,0.0
09190,2018,39.7,31.7,0.0
09190,2019,41.0,32.9,0.0
09190,2020,41.8,30.2,0.0
09190,2021,42.6,33.3,0.0
09190,2022,39.8,30.3,0.0
09190,2023,40.1,31.0,0.0
09190,2024,43.3,30.7,0.0
091204,2015,43.2,40.9,0.0
091204,2016,43.9,38.5,0.0
091204,2017,44.2,37.0,0.0
091204,2018,43.8,39.1,0.0
091204,2019,43.9,39.9,0.0
091204,2020,45.7,40.1,0.0
091204,2021,43.5,40.2,0.0
091204,2022,43.4,40.8,0.0
091204,2023,44.1,40.1,0.0
091204,2024,45.5,40.4,0.0
091520,2015,3.1,95.8,0.0
091520,2016,2.6,94.2,0.0
091520,2017,2.3,83.6,0.0
091520,2018,2.6,85.9,0.0
091520,2019,2.4,87.4,0.0
091520,2020,2.5,66.3,0.0
091520,2021,2.7,65.8,0.0
091520,2022,3.7,65.4,0.0
091520,2023,10.0,61.7,0.0
091520,2024,9.4,63.1,0.0
091531,2015,,,
091531,2016,,,
091531,2017,,,
091531,2018,,,
091531,2019,,,
091531,2020,,,
091531,2021,,,
091531,2022,,,
091531,2023,,,
091531,2024,,,
091103,2015,35.4,47.5,1.0
091103,2016,35.0,48.0,1.0
091103,2017,34.8,49.2,1.4
091103,2018,34.7,50.3,1.4
091103,2019,35.3,51.1,1.4
091103,2020,36.5,52.0,1.4
091103,2021,35.3,52.2,1.5
091103,2022,34.7,53.0,1.8
091103,2023,35.0,52.6,2.3
091103,2024,35.1,51.6,2.4
09140,2015,35.6,44.0,0.0
09140,2016,35.3,44.3,0.0
09140,2017,35.7,45.1,0.0
09140,2018,35.8,45.3,0.0
09140,2019,36.7,46.0,0.0
09140,2020,38.3,47.3,0.0
09140,2021,37.2,48.5,0.0
09140,2022,36.8,48.3,0.0
09140,2023,36.6,47.8,0.0
09140,2024,37.1,46.8,0.0
091130,2015,39.9,42.6,0.0
091130,2016,40.0,42.5,0.0
091130,2017,40.4,43.1,0.0
091130,2018,40.3,43.7,0.0
091130,2019,41.7,44.5,0.0
091130,2020,43.2,44.4,0.0
091130,2021,42.4,43.4,0.0
091130,2022,41.9,45.5,0.0
091130,2023,42.9,45.8,0.0
091130,2024,43.6,44.2,0.0
091201,2015,23.5,72.0,0.0
091201,2016,23.3,71.3,0.0
091201,2017,23.5,68.5,0.0
091201,2018,23.1,73.6,0.0
091201,2019,22.8,71.0,0.0
091201,2020,24.1,72.2,0.0
091201,2021,23.3,71.5,0.0
091201,2022,23.3,70.2,0.0
091201,2023,23.6,71.0,0.0
091201,2024,23.9,68.7,0.0
091202,2015,,,
091202,2016,,,
091202,2017,,,
091202,2018,,,
091202,2019,,,
091202,2020,,,
091202,2021,,,
091202,2022,,,
091202,2023,,,
091202,2024,0.0,87.5,0.0
091203,2015,27.6,59.8,7.3
091203,2016,26.8,60.0,5.9
091203,2017,26.3,62.2,7.1
091203,2018,26.4,63.2,6.5
091203,2019,26.9,63.2,5.9
091203,2020,28.0,63.8,5.2
091203,2021,27.0,63.1,5.3
091203,2022,26.1,63.7,6.1
091203,2023,26.5,61.8,7.8
091203,2024,25.8,61.2,7.7
091104,2015,40.6,44.1,0.0
091104,2016,40.6,44.5,0.0
091104,2017,40.3,44.9,0.0
091104,2018,40.3,45.4,0.0
091104,2019,41.4,46.2,0.0
091104,2020,43.1,45.3,0.0
091104,2021,41.7,45.7,0.0
091104,2022,41.6,44.8,0.0
091104,2023,41.7,45.7,0.0
091104,2024,42.3,44.6,0.0
091140,2015,40.6,44.1,0.0
091140,2016,40.6,44.5,0.0
091140,2017,40.3,44.9,0.0
091140,2018,40.3,45.4,0.0
091140,2019,41.4,46.2,0.0
091140,2020,43.1,45.3,0.0
091140,2021,41.7,45.7,0.0
091140,2022,41.6,44.8,0.0
091140,2023,41.7,45.7,0.0
091140,2024,42.3,44.6,0.0
091105,2015,54.3,34.3,0.0
091105,2016,54.2,34.4,0.0
091105,2017,54.0,35.4,0.0
091105,2018,54.5,35.7,0.0
091105,2019,54.5,35.4,0.0
091105,2020,56.6,34.7,0.0
091105,2021,56.2,34.7,0.0
091105,2022,55.2,35.7,0.0
091105,2023,55.1,35.6,0.0
091105,2024,55.7,35.4,0.0
091310,2015,,,
091310,2016,,,
091310,2017,,,
091310,2018,,,
091310,2019,,,
091310,2020,,,
091310,2021,,,
091310,2022,,,
091310,2023,,,
091310,2024,,,
091311,2015,49.7,38.8,0.0
091311,2016,49.6,38.6,0.0
091311,2017,50.0,39.5,0.0
091311,2018,50.5,39.7,0.0
091311,2019,50.3,39.9,0.0
091311,2020,51.8,39.9,0.0
091311,2021,50.5,40.7,0.0
091311,2022,49.7,41.7,0.0
091311,2023,49.2,40.6,0.0
091311,2024,50.5,40.8,0.0
091312,2015,62.4,27.1,0.0
091312,2016,62.4,27.5,0.0
091312,2017,60.9,30.2,0.0
091312,2018,61.5,30.2,0.0
091312,2019,60.5,29.5,0.0
091312,2020,63.0,28.8,0.0
091312,2021,63.0,28.1,0.0
091312,2022,61.4,29.2,0.0
091312,2023,61.6,29.9,0.0
091312,2024,61.4,29.9,0.0
091313,2015,51.5,36.3,0.0
091313,2016,51.0,37.0,0.0
091313,2017,51.2,36.2,0.0
091313,2018,51.5,36.9,0.0
091313,2019,52.8,36.8,0.0
091313,2020,55.2,35.3,0.0
091313,2021,55.2,35.1,0.0
091313,2022,54.8,35.9,0.0
091313,2023,54.8,35.9,0.0
091313,2024,55.4,35.2,0.0
091314,2015,,,
091314,2016,,,
091314,2017,,,
091314,2018,,,
091314,2019,,,
091314,2020,,,
091314,2021,,,
091314,2022,,,
091314,2023,,,
091314,2024,,,
0912,2015,41.4,49.2,1.5
0912,2016,41.0,49.4,1.5
0912,2017,40.8,49.8,1.7
0912,2018,40.7,49.8,1.8
0912,2019,40.8,49.8,2.3
0912,2020,41.9,49.4,2.4
0912,2021,41.4,49.3,2.4
0912,2022,40.8,49.4,2.4
0912,2023,40.7,49.2,2.3
0912,2024,40.8,49.2,2.4
091201,2015,36.6,51.2,2.9
091201,2016,36.0,51.0,2.9
091201,2017,35.7,51.9,2.9
091201,2018,35.8,51.5,2.8
091201,2019,35.8,51.9,3.9
091201,2020,37.0,51.0,3.9
091201,2021,36.3,50.9,3.9
091201,2022,35.7,50.6,3.8
091201,2023,36.1,50.7,3.8
091201,2024,36.0,50.5,3.7
091150,2015,40.2,45.3,0.0
091150,2016,40.0,45.5,0.0
091150,2017,39.3,46.8,0.0
091150,2018,39.1,47.6,0.0
091150,2019,38.6,49.5,0.0
091150,2020,39.3,47.1,0.0
091150,2021,38.5,47.3,0.0
091150,2022,37.4,48.2,0.0
091150,2023,37.7,48.2,0.0
091150,2024,38.0,46.1,0.0
091160,2015,,,
091160,2016,,,
091160,2017,,,
091160,2018,,,
091160,2019,,,
091160,2020,,,
091160,2021,,,
091160,2022,,,
091160,2023,,,
091160,2024,,,
091161,2015,45.3,44.4,0.0
091161,2016,43.0,43.2,0.0
091161,2017,43.0,45.5,0.0
091161,2018,43.7,44.2,0.0
091161,2019,43.8,45.6,0.0
091161,2020,47.1,45.1,0.0
091161,2021,45.7,45.0,0.0
091161,2022,45.9,45.1,0.0
091161,2023,44.5,44.5,0.0
091161,2024,43.1,47.5,0.0
091162,2015,27.2,61.3,8.0
091162,2016,26.7,61.0,7.9
091162,2017,26.8,61.1,7.9
091162,2018,26.7,60.6,7.9
091162,2019,26.9,59.0,10.9
091162,2020,27.4,58.5,11.0
091162,2021,27.2,58.3,11.0
091162,2022,26.9,57.5,10.9
091162,2023,27.2,58.5,10.9
091162,2024,26.9,58.8,10.9
091180,2015,42.7,46.6,0.0
091180,2016,42.5,47.5,0.0
091180,2017,41.8,48.0,0.0
091180,2018,42.0,46.3,0.0
091180,2019,42.2,47.7,0.0
091180,2020,43.6,48.9,0.0
091180,2021,42.6,47.9,0.0
091180,2022,42.1,45.6,0.0
091180,2023,44.8,44.6,0.0
091180,2024,45.3,44.6,0.0
091202,2015,48.3,39.4,0.0
091202,2016,48.1,40.2,0.0
091202,2017,48.2,40.9,0.0
091202,2018,48.2,41.2,0.0
091202,2019,49.0,40.7,0.0
091202,2020,50.4,41.5,0.0
091202,2021,49.7,41.4,0.0
091202,2022,49.3,41.5,0.0
091202,2023,48.7,41.0,0.0
091202,2024,49.1,41.3,0.0
091301,2015,45.6,40.3,0.0
091301,2016,45.3,42.0,0.0
091301,2017,45.4,43.2,0.0
091301,2018,45.3,43.5,0.0
091301,2019,46.3,42.9,0.0
091301,2020,48.5,42.2,0.0
091301,2021,49.7,39.8,0.0
091301,2022,49.4,39.6,0.0
091301,2023,49.6,39.5,0.0
091301,2024,50.2,38.8,0.0
091302,2015,73.1,7.4,0.0
091302,2016,72.3,7.4,0.0
091302,2017,71.7,7.0,0.0
091302,2018,74.7,5.8,0.0
091302,2019,76.2,5.0,0.0
091302,2020,74.5,7.2,0.0
091302,2021,74.5,6.7,0.0
091302,2022,76.3,7.0,0.0
091302,2023,79.1,6.6,0.0
091302,2024,80.8,6.2,0.0
091303,2015,59.7,20.0,0.0
091303,2016,60.0,21.1,0.0
091303,2017,60.8,22.0,0.0
091303,2018,61.9,25.1,0.0
091303,2019,61.1,25.4,0.0
091303,2020,63.3,26.2,0.0
091303,2021,63.6,26.6,0.0
091303,2022,62.9,27.8,0.0
091303,2023,59.1,28.9,0.0
091303,2024,60.4,29.5,0.0
091304,2015,55.8,33.3,0.0
091304,2016,55.8,33.4,0.0
091304,2017,55.9,33.5,0.0
091304,2018,55.4,33.1,0.0
091304,2019,56.2,32.7,0.0
091304,2020,58.8,34.5,0.0
091304,2021,57.6,34.5,0.0
091304,2022,56.4,35.0,0.0
091304,2023,56.6,35.4,0.0
091304,2024,57.3,34.8,0.0
091305,2015,36.8,57.4,0.0
091305,2016,36.4,56.6,0.0
091305,2017,36.1,56.3,0.0
091305,2018,37.2,57.1,0.0
091305,2019,37.7,56.9,0.0
091305,2020,32.8,61.0,0.0
091305,2021,27.0,67.9,0.0
091305,2022,27.1,67.9,0.0
091305,2023,24.8,60.1,0.0
091305,2024,24.6,68.4,0.0
091306,2015,26.3,70.7,0.0
091306,2016,27.1,70.7,0.0
091306,2017,26.4,70.8,0.0
091306,2018,27.5,71.2,0.0
091306,2019,28.1,70.4,0.0
091306,2020,29.3,69.7,0.0
091306,2021,28.4,69.8,0.0
091306,2022,28.8,69.5,0.0
091306,2023,29.6,67.8,0.0
091306,2024,28.0,62.1,0.0
091203,2015,41.0,50.4,1.0
091203,2016,41.0,50.2,1.0
091203,2017,40.8,51.2,1.0
091203,2018,40.4,51.6,1.0
091203,2019,40.5,51.8,1.0
091203,2020,41.4,51.7,1.0
091203,2021,40.9,51.7,1.0
091203,2022,40.2,51.8,1.0
091203,2023,40.0,51.8,1.0
091203,2024,40.0,51.1,1.0
091291,2015,39.5,50.9,0.8
091291,2016,38.7,51.2,0.8
091291,2017,38.8,52.1,0.8
091291,2018,38.5,52.3,0.8
091291,2019,39.1,52.1,0.8
091291,2020,40.2,52.2,0.8
091291,2021,40.0,52.1,0.8
091291,2022,39.4,52.4,0.8
091291,2023,38.9,53.0,0.8
091291,2024,39.1,52.2,0.8
091292,2015,50.5,38.7,0.0
091292,2016,50.5,37.4,0.0
091292,2017,50.3,40.9,0.0
091292,2018,50.2,41.6,0.0
091292,2019,50.9,41.8,0.0
091292,2020,51.7,42.0,0.0
091292,2021,51.0,43.7,0.0
091292,2022,49.6,29.9,0.0
091292,2023,49.1,29.7,0.0
091292,2024,49.7,41.0,0.0
091293,2015,39.0,52.9,1.9
091293,2016,39.2,53.6,1.9
091293,2017,38.7,54.3,1.9
091293,2018,38.1,54.6,1.9
091293,2019,37.8,55.2,1.9
091293,2020,38.3,55.0,1.9
091293,2021,37.6,55.2,1.9
091293,2022,37.0,55.7,1.9
091293,2023,36.8,55.3,1.9
091293,2024,37.1,52.9,1.9
091294,2015,47.2,46.7,0.0
091294,2016,49.2,43.1,0.0
091294,2017,48.8,44.7,0.0
091294,2018,48.3,45.3,0.0
091294,2019,47.9,45.8,0.0
091294,2020,49.5,45.5,0.0
091294,2021,48.1,45.3,0.0
091294,2022,47.0,46.8,0.0
091294,2023,47.7,45.7,0.0
091294,2024,47.0,46.3,0.0
091204,2015,39.0,51.0,3.6
091204,2016,39.2,50.9,3.6
091204,2017,39.0,51.0,3.5
091204,2018,39.1,51.0,3.5
091204,2019,39.1,50.7,3.9
091204,2020,40.7,49.9,3.9
091204,2021,39.8,50.1,3.8
091204,2022,39.2,50.3,3.7
091204,2023,39.7,50.6,3.7
091204,2024,39.4,50.2,3.7
091320,2015,49.2,41.0,2.7
091320,2016,49.6,39.8,2.7
091320,2017,48.6,41.0,2.6
091320,2018,49.0,40.0,2.6
091320,2019,49.1,40.2,2.6
091320,2020,51.3,40.2,2.6
091320,2021,50.0,40.6,2.5
091320,2022,49.6,40.5,2.5
091320,2023,50.2,41.4,2.5
091320,2024,49.8,41.0,2.5
091461,2015,53.1,39.2,0.0
091461,2016,52.7,40.0,0.0
091461,2017,52.3,38.8,0.0
091461,2018,51.2,41.7,0.0
091461,2019,50.7,42.7,0.0
091461,2020,52.9,42.3,0.0
091461,2021,50.7,42.5,0.0
091461,2022,50.7,42.7,0.0
091461,2023,51.0,42.8,0.0
091461,2024,50.8,41.7,0.0
091462,2015,12.8,81.0,4.0
091462,2016,13.6,80.8,4.0
091462,2017,13.2,80.6,4.0
091462,2018,13.7,80.0,4.0
091462,2019,14.0,80.4,4.1
091462,2020,13.2,80.9,4.0
091462,2021,13.4,80.9,4.0
091462,2022,13.1,80.5,4.1
091462,2023,13.6,79.8,4.0
091462,2024,14.9,80.2,4.0
091463,2015,31.7,60.7,1.7
091463,2016,31.9,60.8,1.7
091463,2017,31.7,61.2,1.7
091463,2018,31.6,61.7,1.7
091463,2019,31.7,61.5,1.6
091463,2020,32.6,59.6,1.7
091463,2021,32.4,59.2,1.6
091463,2022,31.5,58.7,1.6
091463,2023,32.3,59.0,1.6
091463,2024,31.9,58.3,1.6
091464,2015,77.4,4.9,0.0
091464,2016,67.7,5.4,0.0
091464,2017,66.8,5.9,0.0
091464,2018,63.3,5.9,0.0
091464,2019,67.2,7.3,0.0
091464,2020,71.9,6.6,0.0
091464,2021,71.1,6.6,0.0
091464,2022,71.9,7.8,0.0
091464,2023,75.0,7.7,0.0
091464,2024,75.3,7.2,0.0
091465,2015,27.0,57.7,10.2
091465,2016,27.8,58.8,9.8
091465,2017,28.6,57.8,9.7
091465,2018,28.9,57.9,9.7
091465,2019,29.6,54.8,11.9
091465,2020,31.4,53.0,11.4
091465,2021,30.8,53.9,10.9
091465,2022,30.3,55.2,10.5
091465,2023,30.5,54.7,10.6
091465,2024,29.9,54.8,10.5
091205,2015,41.8,52.3,0.8
091205,2016,40.5,52.8,0.8
091205,2017,40.3,52.3,1.6
091205,2018,40.2,51.7,2.3
091205,2019,39.8,51.8,3.2
091205,2020,40.6,51.1,3.5
091205,2021,40.5,50.6,3.5
091205,2022,40.1,50.7,3.6
091205,2023,39.8,50.3,3.5
091205,2024,40.0,51.1,3.8
091331,2015,38.2,56.1,0.3
091331,2016,37.8,56.6,0.3
091331,2017,37.6,56.4,0.3
091331,2018,37.5,56.4,0.3
091331,2019,37.4,57.2,0.3
091331,2020,38.2,56.9,0.3
091331,2021,37.7,57.2,0.3
091331,2022,36.2,57.1,0.6
091331,2023,36.2,56.5,0.6
091331,2024,36.4,57.4,0.6
091332,2015,74.3,13.6,3.5
091332,2016,72.2,12.9,3.4
091332,2017,73.1,12.9,3.4
091332,2018,72.0,12.9,3.4
091332,2019,73.6,12.9,3.4
091332,2020,77.5,12.3,3.4
091332,2021,78.8,5.4,3.5
091332,2022,84.0,5.2,3.6
091332,2023,79.1,10.3,3.4
091332,2024,75.8,14.6,3.2
091333,2015,33.3,62.4,1.4
091333,2016,32.2,63.2,1.3
091333,2017,32.3,63.2,1.3
091333,2018,32.2,60.4,3.8
091333,2019,32.8,60.2,3.8
091333,2020,33.9,59.3,3.8
091333,2021,33.3,59.5,3.8
091333,2022,32.7,59.6,3.8
091333,2023,31.5,58.5,3.7
091333,2024,32.5,60.6,3.8
091334,2015,65.2,26.5,0.0
091334,2016,63.7,25.4,0.0
091334,2017,64.7,25.1,0.0
091334,2018,64.5,25.0,0.0
091334,2019,65.4,25.1,0.0
091334,2020,70.0,23.9,0.0
091334,2021,70.1,23.6,0.0
091334,2022,70.3,23.7,0.0
091334,2023,69.9,24.3,0.0
091334,2024,70.7,24.1,0.0
091335,2015,60.0,35.6,0.0
091335,2016,20.3,52.5,0.0
091335,2017,26.3,44.5,17.9
091335,2018,32.3,52.7,10.3
091335,2019,26.1,49.7,19.0
091335,2020,23.8,50.0,18.9
091335,2021,25.3,49.6,17.1
091335,2022,27.4,50.0,16.3
091335,2023,28.8,49.9,15.5
091335,2024,27.7,48.6,16.7
091336,2015,,,
091336,2016,4.9,88.5,0.0
091336,2017,9.6,50.0,32.6
091336,2018,19.4,47.8,31.2
091336,2019,30.0,41.0,26.7
091336,2020,38.4,32.9,22.7
091336,2021,48.4,24.1,18.1
091336,2022,52.8,21.3,16.5
091336,2023,58.5,21.8,15.0
091336,2024,61.7,20.8,14.5
0913,2015,36.6,54.0,1.1
0913,2016,36.3,54.1,1.3
0913,2017,36.3,54.4,1.3
0913,2018,35.8,54.6,1.6
0913,2019,35.9,54.8,1.7
0913,2020,37.2,54.4,1.5
0913,2021,35.9,54.6,1.7
0913,2022,35.3,55.6,1.6
0913,2023,35.1,55.3,1.9
0913,2024,34.7,55.5,1.9
091301,2015,36.3,52.0,1.4
091301,2016,35.5,51.7,2.2
091301,2017,35.3,52.5,2.2
091301,2018,35.0,52.0,3.1
091301,2019,35.5,52.1,3.2
091301,2020,36.7,52.2,2.5
091301,2021,35.9,51.5,2.6
091301,2022,35.2,53.6,1.9
091301,2023,35.4,52.8,1.8
091301,2024,34.9,53.4,2.0
091100,2015,,,
091100,2016,,,
091100,2017,,,
091100,2018,,,
091100,2019,,,
091100,2020,,,
091100,2021,,,
091100,2022,,,
091100,2023,,,
091100,2024,,,
091101,2015,38.0,51.0,2.5
091101,2016,37.1,51.6,2.5
091101,2017,36.9,52.0,2.5
091101,2018,36.7,51.8,2.5
091101,2019,36.9,52.5,2.6
091101,2020,39.7,51.0,2.6
091101,2021,38.1,52.2,2.6
091101,2022,37.1,52.1,2.6
091101,2023,36.6,52.6,2.6
091101,2024,36.0,52.4,2.6
091102,2015,32.3,48.4,14.7
091102,2016,28.6,42.7,26.3
091102,2017,30.0,42.2,24.6
091102,2018,30.6,34.9,31.9
091102,2019,36.7,32.1,26.9
091102,2020,32.3,45.6,14.2
091102,2021,37.0,37.9,13.1
091102,2022,35.7,50.6,7.2
091102,2023,36.4,47.2,6.6
091102,2024,34.2,53.3,5.8
091103,2015,,,
091103,2016,,,
091103,2017,,,
091103,2018,69.2,17.9,0.0
091103,2019,33.5,55.6,8.4
091103,2020,37.4,53.7,5.4
091103,2021,36.4,53.8,3.6
091103,2022,36.1,56.1,3.5
091103,2023,38.9,54.3,3.1
091103,2024,39.0,49.2,6.1
091104,2015,,,
091104,2016,,,
091104,2017,,,
091104,2018,,,
091104,2019,,,
091104,2020,,,
091104,2021,,,
091104,2022,,,
091104,2023,,,
091104,2024,,,
091111,2015,40.8,44.6,0.0
091111,2016,41.0,43.6,0.0
091111,2017,40.3,46.4,0.0
091111,2018,40.5,46.2,0.0
091111,2019,41.1,46.0,0.0
091111,2020,43.1,44.8,0.0
091111,2021,41.4,46.0,0.0
091111,2022,41.1,47.6,0.0
091111,2023,41.0,48.9,0.0
091111,2024,40.6,48.2,0.0
091112,2015,36.7,52.8,0.0
091112,2016,36.0,52.8,0.0
091112,2017,35.8,53.6,0.0
091112,2018,35.8,53.5,0.0
091112,2019,35.6,53.7,0.0
091112,2020,37.1,53.5,0.0
091112,2021,36.1,53.4,0.0
091112,2022,35.5,53.2,0.0
091112,2023,35.5,52.4,0.0
091112,2024,35.6,52.3,0.0
091113,2015,33.9,54.9,0.0
091113,2016,33.3,55.0,0.0
091113,2017,33.2,55.7,0.0
091113,2018,32.0,57.2,0.0
091113,2019,32.3,58.0,0.0
091113,2020,33.9,57.0,0.0
091113,2021,31.3,58.1,0.0
091113,2022,30.8,58.7,0.0
091113,2023,30.7,58.6,0.0
091113,2024,30.6,58.7,0.0
091302,2015,37.5,50.2,0.0
091302,2016,37.8,51.1,0.0
091302,2017,37.5,52.2,0.0
091302,2018,37.0,52.4,0.0
091302,2019,37.0,53.4,0.0
091302,2020,38.2,52.4,0.0
091302,2021,36.4,52.8,0.0
091302,2022,35.8,54.4,0.0
091302,2023,35.7,54.8,0.0
091302,2024,35.5,53.7,0.0
091121,2015,36.1,51.4,0.0
091121,2016,36.2,52.3,0.0
091121,2017,36.1,53.2,0.0
091121,2018,35.6,53.4,0.0
091121,2019,35.5,54.4,0.0
091121,2020,36.4,53.6,0.0
091121,2021,34.6,53.5,0.0
091121,2022,33.9,55.8,0.0
091121,2023,33.5,56.4,0.0
091121,2024,33.2,55.0,0.0
091122,2015,39.9,48.1,0.0
091122,2016,40.5,49.1,0.0
091122,2017,39.9,50.3,0.0
091122,2018,39.4,50.7,0.0
091122,2019,39.5,51.9,0.0
091122,2020,41.4,50.3,0.0
091122,2021,39.6,51.4,0.0
091122,2022,39.1,51.9,0.0
091122,2023,39.6,52.0,0.0
091122,2024,39.5,51.6,0.0
091303,2015,34.1,58.1,1.4
091303,2016,34.5,58.1,1.4
091303,2017,35.1,57.0,1.4
091303,2018,35.5,57.0,1.3
091303,2019,35.5,57.1,1.3
091303,2020,36.9,56.7,1.3
091303,2021,34.9,58.2,1.3
091303,2022,34.5,58.6,1.3
091303,2023,34.6,58.5,1.3
091303,2024,34.7,57.6,1.3
091210,2015,,,
091210,2016,,,
091210,2017,,,
091210,2018,,,
091210,2019,,,
091210,2020,,,
091210,2021,,,
091210,2022,,,
091210,2023,,,
091210,2024,,,
091211,2015,34.8,56.0,3.8
091211,2016,34.7,56.1,3.8
091211,2017,35.0,55.3,3.8
091211,2018,35.3,55.7,3.8
091211,2019,35.0,55.2,3.8
091211,2020,35.9,54.8,3.8
091211,2021,34.6,56.2,3.8
091211,2022,34.4,56.8,3.8
091211,2023,34.2,56.9,3.8
091211,2024,33.9,56.6,3.8
091212,2015,,,
091212,2016,,,
091212,2017,,,
091212,2018,,,
091212,2019,,,
091212,2020,,,
091212,2021,,,
091212,2022,,,
091212,2023,,,
091212,2024,,,
091213,2015,0.0,100.0,0.0
091213,2016,0.0,100.0,0.0
091213,2017,0.0,100.0,0.0
091213,2018,0.0,100.0,0.0
091213,2019,0.0,100.0,0.0
091213,2020,0.0,99.7,0.0
091213,2021,0.0,99.7,0.0
091213,2022,0.0,99.7,0.0
091213,2023,0.0,99.7,0.0
091213,2024,0.0,99.5,0.0
091220,2015,35.2,57.5,0.0
091220,2016,35.9,57.3,0.0
091220,2017,36.7,56.2,0.0
091220,2018,37.2,55.8,0.0
091220,2019,37.8,55.6,0.0
091220,2020,39.6,55.3,0.0
091220,2021,36.9,57.0,0.0
091220,2022,36.4,57.4,0.0
091220,2023,36.6,57.2,0.0
091220,2024,37.0,55.9,0.0
091304,2015,38.8,55.9,0.0
091304,2016,38.2,56.2,0.0
091304,2017,38.2,56.1,0.0
091304,2018,36.6,57.0,0.0
091304,2019,37.1,56.2,0.0
091304,2020,38.5,55.3,0.0
091304,2021,35.9,57.5,0.9
091304,2022,33.9,57.4,3.1
091304,2023,32.6,57.0,3.7
091304,2024,31.4,59.2,3.5
091171,2015,40.9,54.4,0.0
091171,2016,40.2,55.0,0.0
091171,2017,40.1,54.5,0.0
091171,2018,37.6,56.1,0.0
091171,2019,38.1,57.6,0.0
091171,2020,38.4,58.0,0.0
091171,2021,38.3,57.9,0.0
091171,2022,37.8,58.2,0.0
091171,2023,38.1,57.9,0.0
091171,2024,38.0,58.1,0.0
091172,2015,,,
091172,2016,,,
091172,2017,,,
091172,2018,,,
091172,2019,,,
091172,2020,31.1,14.4,0.0
091172,2021,20.7,56.6,9.7
091172,2022,23.8,50.9,18.3
091172,2023,24.5,49.5,14.7
091172,2024,22.4,59.6,12.2
091173,2015,37.4,57.0,0.0
091173,2016,36.7,56.7,0.0
091173,2017,37.0,57.0,0.0
091173,2018,36.3,57.1,0.0
091173,2019,37.1,55.4,0.0
091173,2020,38.0,56.9,0.0
091173,2021,37.6,57.4,0.0
091173,2022,36.3,57.9,0.0
091173,2023,34.7,60.6,0.0
091173,2024,33.9,59.2,0.0
091174,2015,0.0,84.4,0.0
091174,2016,0.0,92.8,0.0
091174,2017,0.0,92.8,0.0
091174,2018,0.0,92.8,0.0
091174,2019,18.2,40.0,0.0
091174,2020,43.2,42.8,0.0
091174,2021,34.0,57.1,0.0
091174,2022,29.8,61.6,0.0
091174,2023,28.7,61.8,0.0
091174,2024,29.6,61.4,0.0
091305,2015,37.4,56.0,1.5
091305,2016,37.1,56.2,1.5
091305,2017,36.9,56.2,1.5
091305,2018,36.0,57.3,1.4
091305,2019,35.8,57.7,1.4
091305,2020,37.1,57.1,1.4
091305,2021,36.6,56.7,1.8
091305,2022,36.7,56.8,1.8
091305,2023,36.0,56.6,2.6
091305,2024,35.9,56.2,2.6
091231,2015,38.6,53.4,0.0
091231,2016,38.7,53.4,0.0
091231,2017,39.0,54.4,0.0
091231,2018,38.4,53.1,0.0
091231,2019,39.3,53.5,0.0
091231,2020,41.7,51.7,0.0
091231,2021,41.8,52.7,0.0
091231,2022,41.7,52.3,0.0
091231,2023,41.7,52.8,0.0
091231,2024,42.0,51.5,0.0
091232,2015,40.8,52.4,3.7
091232,2016,40.5,53.2,3.6
091232,2017,39.9,53.6,3.6
091232,2018,39.7,53.9,3.6
091232,2019,38.9,54.1,3.6
091232,2020,39.4,54.8,3.6
091232,2021,38.5,55.2,3.6
091232,2022,39.5,53.9,3.5
091232,2023,39.1,52.8,3.4
091232,2024,38.5,53.7,3.4
091240,2015,28.3,65.4,0.0
091240,2016,27.9,65.7,0.0
091240,2017,27.7,65.6,0.0
091240,2018,24.0,69.6,0.0
091240,2019,24.7,70.0,0.0
091240,2020,25.6,69.8,0.0
091240,2021,26.2,69.6,0.0
091240,2022,26.3,69.5,0.0
091240,2023,25.4,70.5,0.0
091240,2024,25.3,70.0,0.0
091250,2015,43.8,49.8,0.0
091250,2016,43.4,50.1,0.0
091250,2017,43.4,49.3,0.0
091250,2018,43.5,49.9,0.0
091250,2019,42.9,50.7,0.0
091250,2020,44.6,49.7,0.0
091250,2021,44.3,49.4,0.0
091250,2022,43.1,51.3,0.0
091250,2023,43.4,51.3,0.0
091250,2024,43.8,50.3,0.0
091260,2015,28.7,67.5,0.0
091260,2016,28.3,67.1,0.0
091260,2017,28.0,67.6,0.0
091260,2018,27.9,67.4,0.0
091260,2019,28.1,68.0,0.0
091260,2020,30.3,65.3,0.0
091260,2021,29.2,61.7,2.8
091260,2022,30.5,60.9,2.8
091260,2023,28.1,59.7,7.6
091260,2024,27.9,58.3,7.7
091270,2015,18.0,62.9,14.5
091270,2016,19.9,61.4,14.5
091270,2017,20.0,61.5,14.5
091270,2018,20.8,61.6,14.4
091270,2019,20.5,60.9,14.4
091270,2020,21.9,57.6,14.1
091270,2021,21.5,59.5,14.4
091270,2022,21.5,59.7,14.4
091270,2023,21.7,60.4,14.5
091270,2024,21.2,60.5,14.4
0914,2015,57.3,33.7,1.5
0914,2016,56.4,34.0,1.4
0914,2017,56.4,34.0,1.4
0914,2018,56.0,33.7,1.6
0914,2019,55.8,34.0,2.1
0914,2020,57.7,33.7,2.4
0914,2021,58.3,32.9,2.4
0914,2022,57.3,32.9,2.4
0914,2023,56.8,33.9,2.3
0914,2024,56.8,34.6,2.3
091401,2015,36.3,58.5,0.3
091401,2016,35.2,58.4,0.3
091401,2017,35.0,58.8,0.3
091401,2018,34.5,58.3,1.1
091401,2019,34.4,58.5,1.1
091401,2020,36.1,57.6,2.3
091401,2021,35.9,56.7,2.3
091401,2022,35.5,56.2,2.3
091401,2023,35.5,57.3,2.3
091401,2024,35.3,58.3,2.3
091281,2015,86.9,5.4,0.0
091281,2016,77.8,3.2,0.0
091281,2017,78.8,3.3,0.0
091281,2018,74.4,3.5,0.0
091281,2019,72.2,2.3,0.0
091281,2020,85.3,4.4,0.0
091281,2021,87.4,4.5,0.0
091281,2022,86.3,2.7,0.0
091281,2023,75.7,7.8,0.0
091281,2024,77.3,11.8,0.0
091282,2015,31.3,64.7,0.0
091282,2016,30.4,64.8,0.0
091282,2017,30.3,65.1,0.0
091282,2018,30.0,64.6,0.9
091282,2019,29.9,65.0,0.9
091282,2020,30.9,63.9,2.3
091282,2021,30.5,63.0,2.3
091282,2022,30.0,62.5,2.3
091282,2023,30.2,63.8,2.3
091282,2024,29.7,64.8,2.3
091283,2015,58.5,26.9,2.9
091283,2016,57.9,27.2,2.9
091283,2017,56.4,28.0,2.9
091283,2018,56.3,27.7,2.9
091283,2019,56.4,27.9,2.8
091283,2020,60.9,25.6,2.8
091283,2021,61.6,24.4,2.8
091283,2022,61.9,23.5,2.8
091283,2023,63.1,23.8,2.8
091283,2024,64.9,23.3,2.8
091286,2015,,,
091286,2016,,,
091286,2017,,,
091286,2018,,,
091286,2019,,,
091286,2020,,,
091286,2021,,,
091286,2022,,,
091286,2023,,,
091286,2024,,,
091402,2015,80.4,9.1,0.3
091402,2016,78.3,8.9,0.3
091402,2017,78.4,8.5,0.3
091402,2018,77.7,7.9,0.3
091402,2019,78.0,7.7,0.6
091402,2020,81.6,8.4,0.6
091402,2021,82.2,8.2,0.6
091402,2022,80.9,8.2,0.6
091402,2023,79.8,10.7,0.6
091402,2024,80.9,10.1,0.6
091341,2015,80.4,9.1,0.3
091341,2016,78.3,8.9,0.3
091341,2017,78.4,8.5,0.3
091341,2018,77.7,7.9,0.3
091341,2019,78.0,7.7,0.6
091341,2020,81.6,8.4,0.6
091341,2021,82.2,8.2,0.6
091341,2022,80.9,8.2,0.6
091341,2023,79.8,10.7,0.6
091341,2024,80.9,10.1,0.6
091403,2015,79.3,11.8,0.9
091403,2016,79.6,11.5,0.9
091403,2017,79.9,11.5,0.9
091403,2018,79.4,11.2,0.9
091403,2019,80.1,11.3,0.9
091403,2020,81.7,11.3,0.9
091403,2021,81.6,10.9,0.9
091403,2022,81.6,10.9,0.8
091403,2023,82.2,11.1,0.8
091403,2024,83.1,11.1,0.8
091351,2015,84.0,6.3,0.9
091351,2016,84.6,6.1,0.8
091351,2017,84.7,6.1,0.8
091351,2018,84.4,5.6,0.8
091351,2019,84.9,5.7,0.8
091351,2020,86.8,5.7,0.8
091351,2021,86.5,5.4,0.8
091351,2022,86.9,5.5,0.6
091351,2023,87.1,5.8,0.6
091351,2024,88.1,5.9,0.6
091352,2015,70.0,23.1,1.1
091352,2016,69.6,22.5,1.1
091352,2017,70.3,22.5,1.1
091352,2018,69.6,22.5,1.1
091352,2019,70.6,22.3,1.1
091352,2020,71.5,22.6,1.1
091352,2021,72.0,22.1,1.1
091352,2022,70.9,21.9,1.1
091352,2023,72.2,21.9,1.0
091352,2024,73.1,21.8,1.0
091354,2015,,,
091354,2016,,,
091354,2017,,,
091354,2018,,,
091354,2019,,,
091354,2020,,,
091354,2021,,,
091354,2022,,,
091354,2023,,,
091354,2024,,,
091404,2015,49.7,40.0,3.2
091404,2016,49.0,41.0,3.2
091404,2017,48.8,40.9,3.1
091404,2018,48.6,41.0,3.1
091404,2019,47.5,41.4,4.3
091404,2020,48.8,41.2,4.3
091404,2021,49.8,40.0,4.4
091404,2022,48.4,40.4,4.3
091404,2023,47.4,41.2,4.0
091404,2024,47.2,42.1,3.9
091284,2015,53.6,36.2,2.2
091284,2016,53.2,36.7,2.1
091284,2017,52.9,36.7,2.1
091284,2018,52.6,36.8,2.1
091284,2019,50.9,37.5,3.8
091284,2020,52.3,37.7,3.8
091284,2021,51.6,37.9,3.8
091284,2022,50.7,38.1,3.8
091284,2023,50.9,38.0,3.7
091284,2024,50.7,38.4,3.6
091285,2015,47.3,46.6,0.0
091285,2016,45.3,49.6,0.0
091285,2017,45.5,49.3,0.0
091285,2018,45.6,49.2,0.0
091285,2019,45.8,49.3,0.0
091285,2020,48.2,46.0,0.0
091285,2021,55.1,40.2,0.0
091285,2022,51.4,42.0,0.0
091285,2023,45.6,46.0,0.0
091285,2024,45.3,47.3,0.0
091287,2015,21.8,58.0,18.7
091287,2016,21.4,58.6,18.8
091287,2017,21.5,58.3,18.7
091287,2018,21.2,58.4,18.7
091287,2019,21.1,58.7,18.7
091287,2020,19.7,60.8,18.8
091287,2021,22.5,58.4,18.8
091287,2022,20.9,57.1,18.8
091287,2023,21.4,55.6,18.8
091287,2024,20.5,59.8,18.8
091405,2015,73.6,13.8,0.2
091405,2016,73.4,13.2,0.2
091405,2017,73.8,12.6,0.2
091405,2018,73.2,12.6,0.2
091405,2019,75.1,12.3,0.2
091405,2020,77.4,12.7,0.2
091405,2021,78.0,12.4,0.2
091405,2022,77.0,12.5,0.2
091405,2023,78.1,12.0,0.2
091405,2024,78.1,12.0,0.2
091342,2015,76.5,10.3,0.2
091342,2016,76.2,9.8,0.2
091342,2017,76.6,9.3,0.2
091342,2018,76.0,9.3,0.2
091342,2019,77.8,9.0,0.2
091342,2020,80.4,9.3,0.2
091342,2021,80.9,9.2,0.2
091342,2022,79.8,9.3,0.2
091342,2023,80.9,8.9,0.2
091342,2024,81.1,8.8,0.2
091353,2015,31.2,65.6,0.0
091353,2016,31.2,65.6,0.0
091353,2017,31.2,63.5,0.0
091353,2018,30.2,63.5,0.0
091353,2019,31.9,64.9,0.0
091353,2020,30.2,64.6,0.0
091353,2021,32.6,63.2,0.0
091353,2022,32.6,63.2,0.0
091353,2023,33.3,62.4,0.0
091353,2024,31.2,62.5,0.0
0915,2015,45.5,44.4,4.9
0915,2016,45.2,44.4,4.9
0915,2017,44.8,44.7,5.0
0915,2018,44.2,45.1,5.0
0915,2019,44.3,45.1,5.2
0915,2020,45.5,44.8,5.2
0915,2021,45.2,44.6,5.2
0915,2022,44.7,44.4,5.4
0915,2023,44.5,44.9,5.5
0915,2024,44.6,44.9,5.5
091501,2015,36.3,51.3,7.8
091501,2016,36.2,51.7,7.7
091501,2017,36.2,52.0,7.7
091501,2018,35.2,53.0,7.5
091501,2019,35.3,53.1,7.5
091501,2020,36.2,52.9,7.5
091501,2021,35.4,52.8,7.5
091501,2022,34.8,53.1,7.4
091501,2023,35.0,53.2,7.3
091501,2024,35.0,52.9,7.3
091361,2015,73.5,21.6,0.0
091361,2016,72.3,21.1,0.0
091361,2017,72.4,21.9,0.0
091361,2018,71.6,23.1,0.0
091361,2019,73.2,23.1,0.0
091361,2020,73.3,22.6,0.0
091361,2021,73.0,22.1,0.0
091361,2022,71.8,23.6,0.0
091361,2023,72.7,22.6,0.0
091361,2024,72.1,23.5,0.0
091362,2015,31.0,53.0,12.9
091362,2016,30.7,54.3,12.7
091362,2017,30.7,54.3,12.5
091362,2018,30.4,55.2,12.2
091362,2019,30.4,55.1,12.2
091362,2020,31.3,54.3,12.5
091362,2021,30.8,54.1,12.5
091362,2022,30.5,54.3,12.5
091362,2023,30.6,54.3,12.5
091362,2024,30.4,53.8,12.5
091363,2015,8.5,86.7,0.0
091363,2016,9.0,89.6,0.0
091363,2017,9.0,90.0,0.0
091363,2018,8.4,90.4,0.0
091363,2019,8.4,90.4,0.0
091363,2020,8.8,88.2,0.0
091363,2021,8.7,87.4,0.0
091363,2022,8.4,88.0,0.0
091363,2023,8.7,87.7,0.0
091363,2024,8.7,86.9,0.0
091364,2015,24.7,46.5,26.0
091364,2016,26.4,46.1,24.8
091364,2017,27.2,46.3,24.8
091364,2018,26.3,48.1,24.2
091364,2019,25.9,46.9,23.3
091364,2020,27.7,48.6,22.4
091364,2021,28.7,47.0,21.2
091364,2022,29.0,48.1,20.1
091364,2023,29.6,46.2,20.1
091364,2024,29.4,45.6,20.0
091383,2015,41.3,51.2,1.2
091383,2016,41.3,50.7,1.3
091383,2017,41.2,51.1,1.3
091383,2018,39.6,52.6,1.2
091383,2019,40.3,52.5,1.3
091383,2020,40.8,53.3,1.3
091383,2021,39.4,53.8,1.3
091383,2022,39.0,53.8,1.3
091383,2023,39.0,53.6,1.2
091383,2024,39.1,53.6,1.2
091386,2015,43.9,47.2,2.8
091386,2016,43.2,48.1,2.8
091386,2017,42.9,48.8,2.8
091386,2018,41.9,47.9,2.8
091386,2019,41.1,50.5,2.8
091386,2020,41.5,49.4,2.7
091386,2021,40.0,50.1,2.6
091386,2022,37.4,50.8,2.5
091386,2023,37.8,53.8,2.5
091386,2024,39.1,53.1,2.6
091502,2015,43.0,50.2,0.9
091502,2016,42.6,50.3,0.9
091502,2017,42.4,50.4,0.9
091502,2018,41.4,51.1,0.9
091502,2019,40.6,49.9,2.3
091502,2020,42.2,51.5,2.3
091502,2021,41.6,51.8,2.3
091502,2022,41.0,51.5,2.3
091502,2023,40.5,52.4,2.3
091502,2024,40.9,52.0,2.3
091370,2015,43.0,50.2,0.9
091370,2016,42.6,50.3,0.9
091370,2017,42.4,50.4,0.9
091370,2018,41.4,51.1,0.9
091370,2019,40.6,49.9,2.3
091370,2020,42.2,51.5,2.3
091370,2021,41.6,51.8,2.3
091370,2022,41.0,51.5,2.3
091370,2023,40.5,52.4,2.3
091370,2024,40.9,52.0,2.3
091503,2015,47.9,42.7,4.2
091503,2016,46.9,43.2,4.1
091503,2017,46.7,43.1,4.1
091503,2018,46.2,43.6,4.0
091503,2019,46.4,43.8,4.2
091503,2020,48.0,42.8,4.2
091503,2021,47.9,42.1,4.2
091503,2022,47.1,41.7,4.9
091503,2023,46.1,42.8,5.5
091503,2024,46.2,42.9,5.5
091381,2015,34.0,58.2,3.7
091381,2016,33.0,57.9,3.6
091381,2017,33.0,57.8,3.6
091381,2018,32.5,58.8,3.6
091381,2019,32.3,59.0,3.6
091381,2020,33.1,58.8,3.7
091381,2021,32.4,57.5,3.7
091381,2022,32.4,57.7,3.7
091381,2023,31.6,59.7,3.6
091381,2024,31.2,60.0,3.6
091382,2015,32.8,61.2,2.4
091382,2016,31.5,62.6,2.2
091382,2017,31.0,62.1,2.2
091382,2018,30.5,63.3,2.2
091382,2019,30.5,63.4,2.2
091382,2020,33.2,60.4,2.4
091382,2021,34.7,58.6,2.3
091382,2022,34.2,58.1,2.3
091382,2023,33.5,59.1,2.2
091382,2024,33.8,59.7,2.2
091384,2015,,,
091384,2016,,,
091384,2017,,,
091384,2018,,,
091384,2019,,,
091384,2020,,,
091384,2021,,,
091384,2022,,,
091384,2023,,,
091384,2024,0.0,40.0,0.0
091385,2015,39.3,34.1,22.2
091385,2016,39.3,32.9,22.0
091385,2017,39.2,33.4,22.0
091385,2018,38.7,33.1,22.0
091385,2019,39.7,32.8,22.3
091385,2020,40.2,33.7,22.5
091385,2021,39.9,33.4,22.5
091385,2022,39.3,33.3,22.5
091385,2023,40.2,32.8,22.6
091385,2024,40.3,32.6,22.6
091391,2015,76.5,13.6,2.3
091391,2016,75.5,14.5,2.3
091391,2017,75.5,14.5,2.3
091391,2018,75.1,14.1,2.2
091391,2019,75.9,13.9,2.8
091391,2020,77.8,13.0,2.7
091391,2021,77.5,12.8,2.7
091391,2022,76.1,14.0,2.7
091391,2023,76.3,14.0,2.7
091391,2024,76.6,13.9,2.7
091392,2015,49.6,42.1,2.7
091392,2016,49.3,41.9,2.7
091392,2017,48.8,42.2,2.7
091392,2018,48.2,42.3,2.6
091392,2019,48.3,42.9,2.6
091392,2020,49.4,42.6,2.6
091392,2021,49.5,42.2,2.6
091392,2022,47.5,40.1,6.3
091392,2023,44.8,40.8,9.0
091392,2024,45.0,40.4,9.2
091504,2015,61.0,31.7,1.1
091504,2016,61.0,31.3,1.1
091504,2017,60.3,31.7,1.1
091504,2018,60.2,31.0,2.2
091504,2019,60.2,31.5,2.2
091504,2020,61.9,30.3,2.1
091504,2021,61.4,30.8,2.2
091504,2022,61.2,30.6,2.1
091504,2023,61.4,31.0,2.1
091504,2024,61.7,31.3,2.1
091401,2015,57.4,34.6,1.5
091401,2016,57.7,34.3,1.5
091401,2017,56.9,34.7,1.5
091401,2018,56.7,33.8,3.0
091401,2019,56.5,34.4,3.0
091401,2020,58.4,33.0,3.0
091401,2021,57.7,33.7,3.0
091401,2022,57.1,33.8,2.9
091401,2023,57.4,34.3,2.9
091401,2024,57.5,34.5,2.9
091403,2015,69.8,24.5,0.0
091403,2016,69.1,24.1,0.0
091403,2017,69.1,23.9,0.0
091403,2018,69.4,23.6,0.0
091403,2019,70.1,23.6,0.0
091403,2020,71.5,23.1,0.0
091403,2021,71.5,23.3,0.0
091403,2022,71.9,22.4,0.0
091403,2023,72.0,22.5,0.0
091403,2024,72.7,22.7,0.0
091505,2015,53.7,33.6,7.0
091505,2016,53.0,33.5,7.3
091505,2017,52.5,33.1,8.2
091505,2018,52.0,33.3,8.1
091505,2019,52.5,33.3,8.1
091505,2020,53.6,33.2,7.8
091505,2021,53.7,33.0,7.8
091505,2022,53.8,32.4,7.7
091505,2023,54.4,32.2,7.8
091505,2024,54.5,32.3,7.8
091402,2015,42.9,48.7,4.3
091402,2016,41.7,48.7,5.1
091402,2017,40.7,48.1,6.8
091402,2018,40.1,48.3,6.8
091402,2019,40.5,48.4,6.9
091402,2020,41.9,47.6,6.3
091402,2021,41.6,47.3,6.3
091402,2022,41.8,46.7,6.3
091402,2023,42.1,46.4,6.3
091402,2024,42.1,46.5,6.3
091411,2015,73.1,16.9,1.6
091411,2016,72.8,16.6,1.7
091411,2017,72.8,16.2,1.7
091411,2018,72.8,16.3,1.7
091411,2019,73.1,16.8,1.8
091411,2020,74.1,17.0,1.8
091411,2021,74.7,17.1,1.8
091411,2022,74.1,16.6,1.7
091411,2023,75.0,16.2,1.7
091411,2024,75.1,16.3,1.7
091412,2015,72.5,16.7,4.0
091412,2016,72.1,16.3,4.0
091412,2017,72.3,16.3,4.0
091412,2018,72.8,15.6,3.9
091412,2019,72.7,16.0,4.0
091412,2020,72.6,16.7,3.9
091412,2021,72.9,16.9,3.9
091412,2022,73.4,16.3,3.9
091412,2023,73.3,16.4,3.9
091412,2024,74.4,16.5,3.9
091413,2015,,,
091413,2016,9.1,54.5,0.0
091413,2017,,,
091413,2018,,,
091413,2019,,,
091413,2020,18.2,45.5,0.0
091413,2021,8.3,50.0,0.0
091413,2022,,,
091413,2023,,,
091413,2024,,,
091415,2015,6.5,37.2,54.6
091415,2016,11.0,36.0,50.9
091415,2017,13.9,34.8,48.7
091415,2018,16.4,35.3,41.7
091415,2019,20.9,33.4,39.8
091415,2020,21.1,36.1,39.8
091415,2021,21.9,34.9,39.1
091415,2022,22.3,34.8,38.8
091415,2023,24.5,34.2,38.9
091415,2024,24.0,34.2,38.9
091506,2015,27.5,67.9,1.6
091506,2016,28.7,65.8,1.7
091506,2017,25.8,69.0,1.6
091506,2018,25.5,68.9,1.6
091506,2019,25.3,69.0,1.6
091506,2020,25.4,70.2,1.6
091506,2021,26.0,70.0,1.6
091506,2022,25.4,69.5,1.6
091506,2023,24.9,70.7,1.6
091506,2024,24.6,70.1,1.6
091414,2015,27.5,67.9,1.6
091414,2016,28.7,65.8,1.7
091414,2017,25.8,69.0,1.6
091414,2018,25.5,68.9,1.6
091414,2019,25.3,69.0,1.6
091414,2020,25.4,70.2,1.6
091414,2021,26.0,70.0,1.6
091414,2022,25.4,69.5,1.6
091414,2023,24.9,70.7,1.6
091414,2024,24.6,70.1,1.6
0916,2015,42.4,48.6,2.1
0916,2016,41.3,49.0,2.8
0916,2017,41.6,49.4,2.9
0916,2018,41.3,49.2,3.4
0916,2019,40.5,49.8,3.9
0916,2020,41.1,49.5,4.2
0916,2021,40.7,49.3,4.1
0916,2022,40.4,49.5,4.1
0916,2023,40.8,49.3,4.6
0916,2024,40.1,49.6,4.5
091601,2015,52.9,30.3,0.0
091601,2016,51.5,30.5,0.0
091601,2017,53.2,30.8,0.0
091601,2018,53.5,31.2,0.0
091601,2019,54.1,31.1,0.0
091601,2020,55.5,32.3,0.0
091601,2021,56.6,30.9,0.0
091601,2022,56.7,30.4,0.0
091601,2023,57.4,31.5,0.0
091601,2024,58.3,29.8,0.0
091190,2015,9.1,72.7,0.0
091190,2016,9.1,72.7,0.0
091190,2017,,,
091190,2018,,,
091190,2019,,,
091190,2020,9.1,45.5,0.0
091190,2021,9.1,54.5,0.0
091190,2022,10.0,50.0,0.0
091190,2023,,,
091190,2024,,,
091420,2015,53.1,30.0,0.0
091420,2016,51.8,30.3,0.0
091420,2017,53.3,30.7,0.0
091420,2018,53.7,31.1,0.0
091420,2019,54.3,31.0,0.0
091420,2020,55.7,32.3,0.0
091420,2021,56.8,30.7,0.0
091420,2022,56.9,30.3,0.0
091420,2023,57.5,31.4,0.0
091420,2024,58.5,29.8,0.0
091602,2015,34.5,57.1,3.2
091602,2016,34.4,57.6,3.2
091602,2017,35.0,57.6,3.1
091602,2018,35.2,57.2,3.1
091602,2019,34.1,58.2,3.6
091602,2020,35.0,58.2,3.5
091602,2021,34.3,57.4,3.4
091602,2022,34.1,57.4,3.4
091602,2023,34.7,57.5,3.6
091602,2024,34.2,57.4,3.6
091431,2015,31.5,62.5,0.0
091431,2016,31.0,64.3,0.0
091431,2017,31.7,64.1,0.0
091431,2018,32.0,63.4,0.0
091431,2019,32.0,63.8,0.0
091431,2020,32.4,64.2,0.0
091431,2021,32.3,61.8,0.0
091431,2022,32.3,62.2,0.0
091431,2023,33.6,61.7,0.8
091431,2024,33.5,61.8,0.8
091432,2015,39.3,54.2,0.0
091432,2016,38.8,55.1,0.0
091432,2017,39.3,55.8,0.0
091432,2018,39.1,55.7,0.0
091432,2019,37.5,55.2,2.4
091432,2020,39.3,55.5,2.0
091432,2021,39.1,54.2,2.0
091432,2022,39.0,54.8,2.0
091432,2023,38.9,54.8,2.0
091432,2024,38.5,54.8,2.3
091433,2015,0.5,98.6,0.0
091433,2016,0.5,97.7,0.0
091433,2017,0.2,97.5,0.0
091433,2018,0.5,96.8,0.0
091433,2019,0.2,99.0,0.0
091433,2020,0.1,93.8,0.0
091433,2021,0.1,96.2,0.0
091433,2022,5.2,84.4,0.0
091433,2023,8.2,87.4,0.0
091433,2024,8.1,81.6,0.0
091434,2015,27.4,59.6,10.8
091434,2016,28.1,58.6,10.6
091434,2017,28.9,58.2,10.5
091434,2018,29.6,57.5,10.4
091434,2019,28.6,59.2,9.8
091434,2020,29.2,58.5,9.8
091434,2021,29.1,57.8,9.8
091434,2022,28.8,57.9,9.8
091434,2023,29.0,57.5,9.8
091434,2024,28.9,57.5,9.8
091440,2015,78.0,10.7,0.0
091440,2016,78.5,9.7,0.0
091440,2017,78.5,9.8,0.0
091440,2018,78.1,9.6,0.0
091440,2019,79.8,9.6,0.0
091440,2020,83.0,9.7,0.0
091440,2021,81.7,9.6,0.0
091440,2022,81.9,8.2,0.0
091440,2023,83.4,10.0,0.0
091440,2024,83.9,9.0,0.0
091603,2015,54.7,37.2,0.7
091603,2016,50.8,38.5,2.9
091603,2017,50.2,39.7,3.2
091603,2018,48.3,40.2,4.6
091603,2019,48.1,40.2,5.1
091603,2020,47.7,39.7,6.0
091603,2021,47.3,40.4,5.8
091603,2022,46.8,41.2,6.0
091603,2023,46.7,40.7,6.7
091603,2024,45.5,41.8,6.5
091480,2015,54.5,0.0,0.0
091480,2016,45.5,0.0,0.0
091480,2017,,,
091480,2018,40.0,0.0,0.0
091480,2019,40.0,0.0,0.0
091480,2020,40.0,0.0,0.0
091480,2021,,,
091480,2022,,,
091480,2023,,,
091480,2024,,,
091491,2015,54.8,38.2,0.9
091491,2016,50.8,39.7,2.9
091491,2017,49.6,41.0,3.3
091491,2018,49.2,41.3,3.3
091491,2019,48.6,41.6,4.1
091491,2020,48.5,41.4,5.5
091491,2021,47.8,41.7,5.3
091491,2022,47.8,42.5,5.3
091491,2023,47.5,42.4,5.3
091491,2024,46.4,43.8,5.1
091492,2015,60.5,30.1,0.0
091492,2016,60.3,29.1,0.0
091492,2017,59.9,29.7,0.0
091492,2018,58.2,30.8,0.0
091492,2019,58.9,31.2,0.0
091492,2020,62.1,28.5,0.0
091492,2021,62.6,28.4,0.0
091492,2022,63.5,27.7,0.0
091492,2023,65.5,28.2,0.0
091492,2024,65.7,28.3,0.0
091493,2015,,,
091493,2016,24.7,48.6,20.9
091493,2017,32.1,47.7,17.2
091493,2018,33.2,53.9,10.9
091493,2019,35.9,52.5,9.1
091493,2020,34.9,54.0,9.1
091493,2021,36.2,52.9,9.1
091493,2022,35.7,52.6,9.1
091493,2023,36.5,51.4,9.1
091493,2024,35.4,52.8,9.1
091494,2015,76.8,6.6,0.0
091494,2016,76.8,8.4,0.0
091494,2017,79.2,8.2,0.0
091494,2018,35.8,21.7,32.5
091494,2019,37.7,19.8,29.3
091494,2020,34.6,31.9,21.6
091494,2021,35.8,41.3,16.0
091494,2022,34.3,43.7,16.6
091494,2023,34.1,40.2,20.1
091494,2024,31.0,41.0,18.0
091495,2015,59.8,33.8,0.7
091495,2016,59.3,33.0,0.7
091495,2017,59.8,33.0,0.7
091495,2018,59.5,32.8,0.7
091495,2019,59.3,32.1,0.7
091495,2020,62.5,31.8,0.7
091495,2021,65.0,29.0,0.7
091495,2022,62.3,31.0,0.7
091495,2023,62.5,31.3,0.7
091495,2024,63.4,31.0,0.7
091500,2015,,,
091500,2016,,,
091500,2017,,,
091500,2018,,,
091500,2019,,,
091500,2020,,,
091500,2021,,,
091500,2022,,,
091500,2023,,,
091500,2024,,,
091510,2015,0.0,85.8,0.0
091510,2016,0.0,84.5,0.0
091510,2017,0.0,93.6,0.0
091510,2018,0.0,93.2,0.0
091510,2019,0.0,93.0,0.0
091510,2020,0.0,66.7,0.0
091510,2021,0.0,62.5,0.0
091510,2022,0.0,62.2,0.0
091510,2023,6.3,56.1,0.0
091510,2024,5.9,53.4,0.0
091532,2015,,,
091532,2016,,,
091532,2017,,,
091532,2018,,,
091532,2019,,,
091532,2020,,,
091532,2021,,,
091532,2022,,,
091532,2023,,,
091532,2024,,,
0917,2015,41.5,46.6,6.7
0917,2016,40.8,46.7,6.8
0917,2017,40.1,47.7,6.8
0917,2018,39.5,47.8,7.2
0917,2019,39.1,48.1,7.3
0917,2020,40.1,48.3,7.3
0917,2021,39.4,48.7,7.2
0917,2022,38.8,48.8,7.2
0917,2023,38.2,49.5,7.2
0917,2024,37.7,49.6,7.1
091701,2015,46.7,44.9,1.2
091701,2016,46.1,44.7,1.2
091701,2017,46.3,45.3,1.2
091701,2018,45.7,45.2,1.2
091701,2019,46.0,45.3,1.2
091701,2020,47.3,45.4,1.2
091701,2021,47.3,44.9,1.2
091701,2022,47.6,44.8,1.2
091701,2023,46.6,46.1,1.2
091701,2024,45.8,46.3,1.5
091451,2015,61.7,28.5,0.0
091451,2016,62.0,27.9,0.0
091451,2017,62.6,28.1,0.0
091451,2018,62.3,27.8,0.0
091451,2019,62.5,27.5,0.0
091451,2020,64.5,27.2,0.0
091451,2021,65.0,27.2,0.0
091451,2022,65.6,27.1,0.0
091451,2023,63.7,29.3,0.0
091451,2024,63.7,29.4,0.0
091452,2015,46.0,46.1,1.5
091452,2016,45.2,45.6,1.5
091452,2017,45.4,46.7,1.5
091452,2018,44.8,45.2,1.5
091452,2019,45.3,45.8,1.5
091452,2020,45.2,46.6,1.5
091452,2021,45.4,46.1,1.5
091452,2022,44.7,46.9,1.5
091452,2023,45.1,46.8,1.5
091452,2024,43.1,47.7,2.8
091453,2015,38.8,54.3,0.0
091453,2016,38.3,55.3,0.0
091453,2017,38.1,55.8,0.0
091453,2018,37.3,56.8,0.0
091453,2019,37.0,57.2,0.0
091453,2020,37.8,57.9,0.0
091453,2021,36.4,58.1,0.0
091453,2022,35.5,58.8,0.0
091453,2023,36.3,57.9,0.0
091453,2024,35.8,58.4,0.0
091455,2015,78.5,5.9,0.0
091455,2016,77.5,6.1,0.0
091455,2017,77.5,6.2,0.0
091455,2018,75.6,6.0,0.0
091455,2019,77.3,6.4,0.0
091455,2020,82.6,5.6,0.0
091455,2021,82.8,5.4,0.0
091455,2022,84.1,5.1,0.0
091455,2023,85.6,4.1,0.0
091455,2024,84.4,4.4,0.0
091456,2015,0.0,61.1,0.0
091456,2016,0.0,50.0,0.0
091456,2017,0.0,43.8,0.0
091456,2018,0.0,58.8,0.0
091456,2019,0.0,50.0,0.0
091456,2020,0.0,42.1,0.0
091456,2021,0.0,56.2,0.0
091456,2022,0.0,47.1,0.0
091456,2023,6.2,68.8,0.0
091456,2024,6.2,62.5,0.0
091457,2015,28.3,65.2,3.9
091457,2016,27.0,64.6,3.8
091457,2017,27.0,65.5,3.8
091457,2018,26.5,66.5,3.8
091457,2019,26.5,66.4,3.8
091457,2020,28.0,65.7,3.9
091457,2021,28.1,64.1,3.9
091457,2022,29.0,63.5,4.1
091457,2023,25.7,67.0,3.7
091457,2024,25.5,66.1,3.7
091702,2015,41.0,46.2,7.8
091702,2016,40.4,45.5,9.3
091702,2017,39.2,45.9,9.1
091702,2018,38.5,45.6,10.4
091702,2019,38.5,45.4,11.0
091702,2020,39.9,45.7,11.1
091702,2021,39.8,45.5,10.9
091702,2022,38.7,45.6,11.5
091702,2023,37.6,47.0,11.7
091702,2024,37.5,46.2,11.6
091454,2015,41.0,46.2,7.8
091454,2016,40.4,45.5,9.3
091454,2017,39.2,45.9,9.1
091454,2018,38.5,45.6,10.4
091454,2019,38.5,45.4,11.0
091454,2020,39.9,45.7,11.1
091454,2021,39.8,45.5,10.9
091454,2022,38.7,45.6,11.5
091454,2023,37.6,47.0,11.7
091454,2024,37.5,46.2,11.6
091703,2015,38.8,50.3,6.3
091703,2016,38.0,50.9,6.2
091703,2017,37.2,52.0,6.1
091703,2018,36.2,51.9,6.9
091703,2019,35.3,52.5,7.0
091703,2020,36.3,52.5,7.3
091703,2021,35.1,53.7,7.1
091703,2022,33.9,54.3,7.1
091703,2023,33.6,54.7,7.0
091703,2024,33.4,55.0,7.0
091471,2015,39.3,53.4,1.5
091471,2016,37.7,54.8,1.4
091471,2017,36.6,56.0,1.4
091471,2018,35.7,56.3,1.4
091471,2019,34.7,56.6,1.4
091471,2020,35.7,57.8,1.4
091471,2021,33.9,60.3,1.3
091471,2022,33.0,60.6,1.3
091471,2023,32.3,61.2,1.3
091471,2024,32.1,61.5,1.3
091472,2015,41.1,53.0,2.2
091472,2016,40.4,53.3,2.1
091472,2017,40.5,53.1,2.1
091472,2018,39.3,53.9,2.7
091472,2019,39.2,53.9,2.7
091472,2020,42.0,52.3,2.8
091472,2021,42.5,51.4,2.8
091472,2022,41.2,52.8,2.8
091472,2023,40.5,52.9,2.8
091472,2024,40.7,52.8,2.7
091473,2015,49.6,39.1,5.7
091473,2016,49.3,39.4,5.6
091473,2017,48.4,40.9,5.5
091473,2018,47.7,41.3,5.4
091473,2019,45.1,44.2,5.1
091473,2020,45.9,42.8,6.5
091473,2021,43.0,45.3,6.2
091473,2022,40.4,46.0,6.2
091473,2023,40.3,46.6,6.1
091473,2024,40.2,46.9,6.2
091474,2015,15.3,51.3,32.7
091474,2016,15.2,51.2,32.5
091474,2017,15.1,51.9,32.1
091474,2018,15.1,52.0,32.1
091474,2019,14.9,51.0,33.2
091474,2020,14.5,52.9,32.0
091474,2021,15.2,51.8,32.0
091474,2022,15.1,51.8,31.9
091474,2023,15.2,51.7,32.0
091474,2024,14.9,52.2,31.9
091475,2015,34.0,62.3,0.0
091475,2016,33.9,62.2,0.0
091475,2017,31.8,65.0,0.0
091475,2018,28.7,58.8,9.7
091475,2019,28.0,59.0,9.6
091475,2020,30.0,58.6,9.6
091475,2021,29.5,58.5,9.7
091475,2022,29.3,58.5,9.6
091475,2023,30.0,57.9,9.5
091475,2024,29.9,58.2,9.5
091704,2015,41.3,44.3,10.1
091704,2016,40.5,44.2,10.0
091704,2017,39.6,45.4,10.1
091704,2018,39.3,45.9,10.0
091704,2019,39.2,46.1,9.9
091704,2020,39.9,46.4,9.7
091704,2021,39.3,46.7,9.6
091704,2022,39.1,46.6,9.4
091704,2023,38.5,47.1,9.2
091704,2024,37.4,47.3,8.9
091541,2015,47.4,41.1,6.6
091541,2016,46.3,41.2,6.5
091541,2017,46.2,41.3,6.5
091541,2018,45.4,41.8,6.4
091541,2019,44.7,42.8,6.2
091541,2020,46.0,42.9,6.2
091541,2021,45.4,43.3,6.2
091541,2022,45.2,43.6,5.9
091541,2023,45.4,43.7,5.9
091541,2024,44.1,43.7,5.8
091542,2015,,,
091542,2016,,,
091542,2017,,,
091542,2018,,,
091542,2019,,,
091542,2020,,,
091542,2021,,,
091542,2022,,,
091542,2023,,,
091542,2024,,,
091543,2015,,,
091543,2016,,,
091543,2017,,,
091543,2018,,,
091543,2019,,,
091543,2020,,,
091543,2021,,,
091543,2022,,,
091543,2023,,,
091543,2024,,,
091544,2015,30.0,50.7,15.7
091544,2016,30.2,52.1,14.1
091544,2017,29.8,53.1,13.8
091544,2018,29.8,53.3,13.9
091544,2019,29.8,53.4,13.9
091544,2020,29.8,53.6,13.6
091544,2021,29.9,53.6,13.6
091544,2022,29.8,51.7,13.5
091544,2023,30.7,52.7,13.6
091544,2024,30.6,52.4,13.5
091545,2015,19.6,59.0,19.2
091545,2016,19.6,58.9,19.1
091545,2017,19.3,59.2,19.1
091545,2018,19.1,59.3,19.1
091545,2019,19.2,59.3,19.1
091545,2020,19.8,59.6,19.1
091545,2021,19.4,59.7,19.1
091545,2022,19.4,59.1,19.1
091545,2023,19.6,59.2,19.1
091545,2024,19.6,59.1,19.1
091546,2015,54.1,38.8,1.3
091546,2016,52.7,38.9,1.7
091546,2017,51.7,40.4,1.7
091546,2018,51.3,41.6,1.7
091546,2019,51.5,41.2,1.7
091546,2020,52.0,42.1,1.7
091546,2021,50.6,41.0,1.6
091546,2022,49.5,41.9,1.6
091546,2023,45.1,44.0,1.4
091546,2024,42.0,45.2,1.3
091547,2015,43.1,34.5,19.0
091547,2016,40.8,32.3,19.7
091547,2017,36.1,39.9,20.7
091547,2018,36.0,40.0,20.7
091547,2019,36.4,39.8,20.7
091547,2020,36.2,40.0,18.8
091547,2021,35.8,43.3,18.5
091547,2022,36.1,42.8,18.7
091547,2023,36.2,42.4,18.6
091547,2024,36.0,42.4,18.5
091548,2015,,,
091548,2016,,,
091548,2017,,,
091548,2018,,,
091548,2019,,,
091548,2020,,,
091548,2021,,,
091548,2022,,,
091548,2023,,,
091548,2024,,,
091549,2015,,,
091549,2016,,,
091549,2017,,,
091549,2018,,,
091549,2019,,,
091549,2020,,,
091549,2021,,,
091549,2022,,,
091549,2023,,,
091549,2024,,,
0918,2015,81.9,7.3,0.0
0918,2016,81.4,7.7,0.0
0918,2017,78.7,8.0,0.0
0918,2018,80.1,9.0,0.0
0918,2019,78.6,8.8,0.0
0918,2020,75.7,7.9,0.0
0918,2021,76.6,7.9,0.0
0918,2022,77.2,7.7,0.0
0918,2023,77.2,7.3,0.0
0918,2024,77.9,6.8,0.0
091801,2015,81.9,7.3,0.0
091801,2016,81.4,7.7,0.0
091801,2017,78.7,8.0,0.0
091801,2018,80.1,9.0,0.0
091801,2019,78.6,8.8,0.0
091801,2020,75.7,7.9,0.0
091801,2021,76.6,7.9,0.0
091801,2022,77.2,7.7,0.0
091801,2023,77.2,7.3,0.0
091801,2024,77.9,6.8,0.0
091550,2015,70.8,16.9,0.0
091550,2016,71.3,19.0,0.0
091550,2017,67.1,18.3,0.0
091550,2018,65.6,23.4,0.0
091550,2019,62.3,21.4,0.0
091550,2020,59.6,17.9,0.0
091550,2021,60.3,20.1,0.0
091550,2022,60.7,19.9,0.0
091550,2023,58.7,18.8,0.0
091550,2024,58.0,15.9,0.0
091560,2015,82.4,5.9,0.0
091560,2016,56.5,0.0,0.0
091560,2017,54.5,4.5,0.0
091560,2018,68.2,9.1,0.0
091560,2019,59.1,13.6,0.0
091560,2020,61.1,11.1,0.0
091560,2021,66.7,11.1,0.0
091560,2022,52.6,10.5,0.0
091560,2023,47.4,10.5,0.0
091560,2024,47.4,15.8,0.0
091570,2015,56.2,15.6,0.0
091570,2016,57.6,12.1,0.0
091570,2017,57.6,12.1,0.0
091570,2018,54.5,12.1,0.0
091570,2019,56.2,9.4,0.0
091570,2020,51.7,13.8,0.0
091570,2021,55.2,10.3,0.0
091570,2022,53.6,7.1,0.0
091570,2023,59.3,11.1,0.0
091570,2024,63.0,7.4,0.0
091580,2015,80.5,3.4,0.0
091580,2016,81.1,4.7,0.0
091580,2017,75.2,3.7,0.0
091580,2018,81.0,2.0,0.0
091580,2019,80.3,2.6,0.0
091580,2020,76.1,3.7,0.0
091580,2021,79.5,2.4,0.0
091580,2022,81.0,3.0,0.0
091580,2023,83.0,2.3,0.0
091580,2024,81.0,2.9,0.0
091591,2015,94.2,0.8,0.0
091591,2016,93.8,0.4,0.0
091591,2017,94.2,1.7,0.0
091591,2018,95.0,1.2,0.0
091591,2019,93.8,2.1,0.0
091591,2020,89.7,2.3,0.0
091591,2021,88.5,2.3,0.0
091591,2022,90.0,1.9,0.0
091591,2023,90.9,1.6,0.0
091591,2024,93.6,2.8,0.0
091592,2015,89.1,4.7,0.0
091592,2016,90.6,4.7,0.0
091592,2017,87.9,6.1,0.0
091592,2018,87.9,4.5,0.0
091592,2019,89.4,4.5,0.0
091592,2020,86.4,4.5,0.0
091592,2021,86.6,3.0,0.0
091592,2022,86.6,3.0,0.0
091592,2023,85.1,3.0,0.0
091592,2024,86.6,1.5,0.0
091999,2021,,,
091999,2022,,,
091998,2015,37.5,48.9,0.9
091998,2016,37.3,49.1,1.0
091998,2017,37.1,49.6,1.1
091998,2018,36.9,49.9,1.3
091998,2019,37.3,50.3,1.4
091998,2020,38.7,50.3,1.2
091998,2021,37.5,50.6,1.4
091998,2022,36.9,51.3,1.4
091998,2023,37.0,51.1,1.6
091998,2024,37.0,50.8,1.7
091997,2015,45.1,44.8,3.5
091997,2016,44.5,44.9,3.6
091997,2017,44.3,45.4,3.7
091997,2018,43.8,45.6,4.0
091997,2019,43.7,45.7,4.2
091997,2020,44.8,45.6,4.3
091997,2021,44.4,45.6,4.2
091997,2022,43.8,45.7,4.3
091997,2023,43.6,46.0,4.4
091997,2024,43.4,46.1,4.4
049,2015,53.9,35.4,4.1
049,2016,53.3,35.9,4.2
049,2017,52.8,36.8,4.2
049,2018,51.8,37.5,4.2
049,2019,51.1,38.5,4.1
049,2020,51.7,38.4,4.1
049,2021,50.9,38.7,4.1
049,2022,49.9,39.5,4.1
049,2023,49.7,40.1,4.0
049,2024,48.7,41.1,4.0
0491,2015,52.0,37.5,4.7
0491,2016,51.5,37.9,4.8
0491,2017,51.4,38.1,4.9
0491,2018,50.4,38.5,4.7
0491,2019,49.7,39.7,4.7
0491,2020,49.7,40.6,4.4
0491,2021,48.6,41.5,4.5
0491,2022,47.6,42.2,4.7
0491,2023,47.3,42.5,4.5
0491,2024,46.3,43.5,4.5
04911,2015,43.9,42.8,7.6
04911,2016,43.4,43.6,7.5
04911,2017,43.3,43.8,7.5
04911,2018,42.1,44.1,7.1
04911,2019,41.4,46.3,6.9
04911,2020,40.7,47.5,6.6
04911,2021,39.9,48.1,6.2
04911,2022,38.9,49.0,6.1
04911,2023,39.2,48.8,6.0
04911,2024,38.3,49.8,5.8
049111,2015,46.2,44.1,3.0
049111,2016,45.7,44.9,3.0
049111,2017,44.9,45.1,3.0
049111,2018,43.6,44.9,2.9
049111,2019,44.2,46.7,2.9
049111,2020,45.3,46.4,2.9
049111,2021,43.4,46.7,2.8
049111,2022,42.7,47.8,2.8
049111,2023,43.1,48.0,2.8
049111,2024,42.6,47.8,2.8
049112,2015,29.6,49.6,16.7
049112,2016,29.3,50.4,16.5
049112,2017,29.6,50.6,16.3
049112,2018,30.2,49.9,16.2
049112,2019,29.4,50.3,16.2
049112,2020,29.2,51.7,16.3
049112,2021,29.4,50.8,16.3
049112,2022,29.1,50.9,16.3
049112,2023,30.6,49.4,16.2
049112,2024,29.1,51.2,15.7
049113,2015,51.1,40.1,2.4
049113,2016,49.4,43.2,2.3
049113,2017,48.6,44.3,2.3
049113,2018,49.2,43.4,2.2
049113,2019,49.5,43.4,2.2
049113,2020,50.3,43.1,2.2
049113,2021,48.3,44.3,1.9
049113,2022,48.1,42.2,1.8
049113,2023,47.3,44.0,1.8
049113,2024,45.9,45.0,1.7
049114,2015,41.9,35.0,20.1
049114,2016,41.6,35.1,19.7
049114,2017,42.2,35.1,19.7
049114,2018,42.6,34.8,19.6
049114,2019,42.5,34.9,19.6
049114,2020,43.4,34.8,19.5
049114,2021,43.2,34.3,19.5
049114,2022,43.5,30.8,22.5
049114,2023,44.6,31.1,22.5
049114,2024,44.7,30.3,22.4
049115,2015,88.9,2.3,2.8
049115,2016,87.9,1.5,2.8
049115,2017,87.0,1.3,2.8
049115,2018,86.8,1.0,2.8
049115,2019,88.3,1.5,2.8
049115,2020,88.0,1.5,2.8
049115,2021,88.5,1.5,2.7
049115,2022,88.1,1.7,2.7
049115,2023,88.4,2.2,2.7
049115,2024,89.9,1.5,2.8
049116,2015,60.2,21.0,9.5
049116,2016,56.4,25.3,7.8
049116,2017,58.1,23.5,9.4
049116,2018,57.6,23.2,8.6
049116,2019,55.2,26.0,10.7
049116,2020,57.5,24.4,10.2
049116,2021,59.2,23.2,9.5
049116,2022,60.7,23.7,9.2
049116,2023,61.5,21.8,9.0
049116,2024,62.1,20.5,8.9
049117,2015,56.6,35.5,0.0
049117,2016,58.6,35.3,0.0
049117,2017,59.1,34.4,0.0
049117,2018,58.9,34.1,0.0
049117,2019,60.9,32.6,0.0
049117,2020,61.9,31.5,0.0
049117,2021,62.7,29.6,0.0
049117,2022,64.1,27.9,0.0
049117,2023,66.0,27.8,0.0
049117,2024,66.9,27.2,0.0
049118,2015,38.3,54.5,2.0
049118,2016,37.4,54.9,2.0
049118,2017,36.8,55.9,2.0
049118,2018,29.9,59.3,1.6
049118,2019,28.3,65.3,1.2
049118,2020,25.0,66.9,1.0
049118,2021,23.9,69.1,0.9
049118,2022,21.4,72.2,0.8
049118,2023,21.3,70.3,0.7
049118,2024,20.3,72.6,0.7
04912,2015,,,
04912,2016,,,
04912,2017,,,
04912,2018,,,
04912,2019,,,
04912,2020,,,
04912,2021,,,
04912,2022,,,
04912,2023,,,
04912,2024,,,
049121,2015,,,
049121,2016,,,
049121,2017,,,
049121,2018,,,
049121,2019,,,
049121,2020,,,
049121,2021,,,
049121,2022,,,
049121,2023,,,
049121,2024,,,
049122,2015,,,
049122,2016,,,
049122,2017,,,
049122,2018,,,
049122,2019,,,
049122,2020,,,
049122,2021,,,
049122,2022,,,
049122,2023,,,
049122,2024,,,
04913,2015,44.8,47.4,3.3
04913,2016,43.6,47.2,4.3
04913,2017,43.5,47.5,4.3
04913,2018,42.2,47.7,4.1
04913,2019,42.2,48.1,4.1
04913,2020,43.9,47.7,3.5
04913,2021,42.7,49.7,3.4
04913,2022,41.1,50.1,4.5
04913,2023,39.9,50.8,4.3
04913,2024,38.7,52.7,4.2
049131,2015,40.9,50.8,5.7
049131,2016,40.4,50.1,5.6
049131,2017,40.9,50.1,5.6
049131,2018,40.8,49.9,5.6
049131,2019,41.2,49.6,5.5
049131,2020,42.3,48.8,5.6
049131,2021,42.2,48.9,5.5
049131,2022,40.3,48.4,7.5
049131,2023,38.3,49.0,7.0
049131,2024,35.7,53.1,6.7
049132,2015,43.3,48.6,0.5
049132,2016,43.1,49.1,0.5
049132,2017,42.4,48.9,0.5
049132,2018,38.1,50.4,0.4
049132,2019,38.8,51.7,0.4
049132,2020,38.6,51.1,0.4
049132,2021,37.6,54.1,0.4
049132,2022,38.0,55.1,0.7
049132,2023,38.8,55.1,0.6
049132,2024,38.9,54.3,0.6
049133,2015,50.1,42.9,2.0
049133,2016,47.5,42.7,4.7
049133,2017,47.2,43.7,4.7
049133,2018,46.3,43.4,4.7
049133,2019,45.5,44.2,4.7
049133,2020,49.0,44.3,3.0
049133,2021,46.7,47.6,2.9
049133,2022,43.9,49.0,3.6
049133,2023,42.5,50.2,3.5
049133,2024,42.1,51.3,3.4
04914,2015,79.1,11.9,1.6
04914,2016,79.3,11.4,1.6
04914,2017,79.5,11.5,1.6
04914,2018,80.5,11.2,1.6
04914,2019,80.4,11.0,1.6
04914,2020,80.6,10.9,1.6
04914,2021,81.7,10.8,1.6
04914,2022,81.8,10.4,1.5
04914,2023,82.4,10.5,1.5
04914,2024,82.2,10.4,1.5
049141,2015,78.6,9.4,4.6
049141,2016,79.2,8.6,4.5
049141,2017,79.4,8.6,4.4
049141,2018,80.4,8.7,4.4
049141,2019,80.0,8.7,4.4
049141,2020,80.4,8.6,4.3
049141,2021,81.3,8.3,4.3
049141,2022,81.0,7.9,4.3
049141,2023,81.7,8.0,4.3
049141,2024,81.8,8.1,4.3
049142,2015,59.4,33.1,0.0
049142,2016,60.1,32.3,0.0
049142,2017,59.2,33.5,0.0
049142,2018,59.8,33.7,0.0
049142,2019,59.5,33.3,0.0
049142,2020,59.6,33.3,0.0
049142,2021,59.9,33.5,0.0
049142,2022,60.9,32.3,0.0
049142,2023,61.1,32.8,0.0
049142,2024,60.4,32.5,0.0
049143,2015,89.5,3.3,0.0
049143,2016,88.9,3.2,0.0
049143,2017,89.7,3.1,0.0
049143,2018,90.8,2.3,0.0
049143,2019,90.9,2.2,0.0
049143,2020,90.8,2.1,0.0
049143,2021,92.4,1.9,0.0
049143,2022,92.5,2.0,0.0
049143,2023,93.0,2.0,0.0
049143,2024,93.0,2.0,0.0
04915,2015,63.1,29.8,0.3
04915,2016,63.2,30.1,0.5
04915,2017,62.9,30.6,0.5
04915,2018,62.7,30.2,0.5
04915,2019,62.1,29.9,0.5
04915,2020,63.0,31.5,0.5
04915,2021,60.7,30.6,2.7
04915,2022,61.1,30.6,2.5
04915,2023,59.5,32.2,2.4
04915,2024,59.2,32.0,2.4
049151,2015,64.8,27.5,0.0
049151,2016,65.0,27.4,0.0
049151,2017,64.7,28.4,0.0
049151,2018,63.9,28.1,0.0
049151,2019,62.5,27.5,0.0
049151,2020,64.1,29.8,0.0
049151,2021,62.0,31.4,0.0
049151,2022,62.2,31.5,0.0
049151,2023,62.4,30.7,0.0
049151,2024,62.5,30.3,0.0
049152,2015,60.7,33.2,0.8
049152,2016,60.6,33.8,1.3
049152,2017,60.4,33.7,1.3
049152,2018,60.9,33.1,1.3
049152,2019,61.5,33.5,1.3
049152,2020,61.4,33.9,1.2
049152,2021,58.7,29.4,6.6
049152,2022,59.7,29.1,6.2
049152,2023,55.6,34.1,5.6
049152,2024,55.0,34.3,5.6
04916,2015,62.6,33.3,0.0
04916,2016,62.9,32.5,0.0
04916,2017,62.9,33.0,0.0
04916,2018,63.3,32.7,0.0
04916,2019,62.8,32.3,0.0
04916,2020,60.4,36.1,0.0
04916,2021,55.3,40.8,0.0
04916,2022,55.2,40.4,0.0
04916,2023,56.9,39.5,0.0
04916,2024,55.0,40.7,0.0
049161,2015,62.6,33.3,0.0
049161,2016,62.9,32.5,0.0
049161,2017,62.9,33.0,0.0
049161,2018,63.3,32.7,0.0
049161,2019,62.8,32.3,0.0
049161,2020,60.4,36.1,0.0
049161,2021,55.3,40.8,0.0
049161,2022,55.2,40.4,0.0
049161,2023,56.9,39.5,0.0
049161,2024,55.0,40.7,0.0
0492,2015,57.0,32.1,1.2
0492,2016,56.4,33.0,1.2
0492,2017,55.7,34.2,1.2
0492,2018,54.4,35.8,1.1
0492,2019,53.6,37.2,1.1
0492,2020,54.7,37.6,1.1
0492,2021,53.3,38.3,1.0
0492,2022,52.4,39.6,0.9
0492,2023,51.6,39.9,0.9
0492,2024,51.1,40.7,0.9
04921,2015,55.9,31.1,1.1
04921,2016,54.5,32.9,1.0
04921,2017,53.3,35.6,1.0
04921,2018,52.3,36.5,0.9
04921,2019,51.6,38.4,0.9
04921,2020,51.8,40.2,0.9
04921,2021,49.5,41.3,0.8
04921,2022,47.8,43.9,0.6
04921,2023,47.0,44.2,0.5
04921,2024,46.4,45.2,0.5
049211,2015,45.6,30.1,2.8
049211,2016,44.9,35.3,2.5
049211,2017,46.7,40.1,2.4
049211,2018,47.2,39.5,2.4
049211,2019,47.8,39.1,2.4
049211,2020,50.5,39.1,2.3
049211,2021,50.9,37.5,2.2
049211,2022,50.0,38.0,2.1
049211,2023,48.1,37.3,1.9
049211,2024,49.1,39.2,1.9
049212,2015,53.1,36.3,0.0
049212,2016,52.7,36.9,0.0
049212,2017,52.7,37.0,0.0
049212,2018,51.0,37.4,0.0
049212,2019,50.0,39.5,0.0
049212,2020,49.1,43.5,0.0
049212,2021,46.5,46.3,0.0
049212,2022,46.0,46.7,0.0
049212,2023,46.1,46.1,0.0
049212,2024,46.2,45.4,0.0
049213,2015,51.8,32.8,0.0
049213,2016,51.6,35.0,0.0
049213,2017,51.1,34.8,0.0
049213,2018,50.4,34.9,0.0
049213,2019,49.9,36.3,0.0
049213,2020,51.8,38.3,0.0
049213,2021,51.6,38.7,0.0
049213,2022,50.7,38.1,0.0
049213,2023,51.3,38.8,0.0
049213,2024,51.6,37.5,0.0
049214,2015,56.3,36.6,0.0
049214,2016,53.0,37.7,0.0
049214,2017,46.8,43.0,0.0
049214,2018,44.8,46.7,0.0
049214,2019,43.3,51.1,0.0
049214,2020,41.2,53.6,0.0
049214,2021,37.6,53.0,0.0
049214,2022,34.0,59.2,0.0
049214,2023,33.2,59.6,0.0
049214,2024,31.7,61.6,0.0
049215,2015,68.4,22.0,2.2
049215,2016,66.7,22.3,2.1
049215,2017,67.0,23.5,2.1
049215,2018,67.2,23.2,2.1
049215,2019,67.0,23.4,2.1
049215,2020,68.5,22.6,2.0
049215,2021,66.4,24.5,1.9
049215,2022,68.0,24.9,0.9
049215,2023,68.4,25.2,0.9
049215,2024,68.4,24.7,0.9
04922,2015,6.4,89.8,0.0
04922,2016,6.5,90.3,0.0
04922,2017,6.5,88.4,0.0
04922,2018,5.6,91.8,0.0
04922,2019,5.0,92.4,0.0
04922,2020,5.4,90.1,0.0
04922,2021,5.3,90.5,0.0
04922,2022,5.5,90.7,0.0
04922,2023,5.7,91.1,0.0
04922,2024,5.5,91.1,0.0
049222,2015,6.4,89.8,0.0
049222,2016,6.5,90.3,0.0
049222,2017,6.5,88.4,0.0
049222,2018,5.6,91.8,0.0
049222,2019,5.0,92.4,0.0
049222,2020,5.4,90.1,0.0
049222,2021,5.3,90.5,0.0
049222,2022,5.5,90.7,0.0
049222,2023,5.7,91.1,0.0
049222,2024,5.5,91.1,0.0
04923,2015,67.3,22.4,0.0
04923,2016,67.5,22.3,0.0
04923,2017,67.2,22.8,0.0
04923,2018,67.4,22.6,0.0
04923,2019,67.3,22.9,0.0
04923,2020,70.0,22.9,0.0
04923,2021,69.9,22.8,0.0
04923,2022,69.8,21.6,0.0
04923,2023,67.5,22.3,0.0
04923,2024,66.6,23.4,0.0
049231,2015,76.1,11.2,0.0
049231,2016,75.6,11.0,0.0
049231,2017,75.4,11.9,0.0
049231,2018,75.2,11.3,0.0
049231,2019,75.3,11.3,0.0
049231,2020,78.3,12.2,0.0
049231,2021,79.7,11.5,0.0
049231,2022,79.1,11.6,0.0
049231,2023,77.4,11.8,0.0
049231,2024,74.2,11.9,0.0
049232,2015,63.2,27.6,0.0
049232,2016,63.6,27.5,0.0
049232,2017,63.3,28.0,0.0
049232,2018,63.7,27.9,0.0
049232,2019,63.7,28.2,0.0
049232,2020,66.1,27.8,0.0
049232,2021,65.3,28.2,0.0
049232,2022,65.4,26.3,0.0
049232,2023,62.8,27.3,0.0
049232,2024,62.8,29.1,0.0
04924,2015,78.4,13.1,3.2
04924,2016,78.7,13.1,3.2
04924,2017,78.5,12.6,3.2
04924,2018,78.4,12.8,3.1
04924,2019,77.7,13.3,3.0
04924,2020,78.6,13.1,3.0
04924,2021,79.1,12.7,3.0
04924,2022,80.0,12.6,3.0
04924,2023,81.0,11.9,3.0
04924,2024,81.5,11.8,3.0
049241,2015,81.0,12.0,1.7
049241,2016,81.3,12.0,1.6
049241,2017,81.1,11.4,1.6
049241,2018,81.7,11.2,1.6
049241,2019,81.3,11.1,1.6
049241,2020,82.9,10.8,1.6
049241,2021,82.8,10.8,1.6
049241,2022,83.9,10.4,1.6
049241,2023,84.4,9.8,1.6
049241,2024,85.1,9.9,1.6
049242,2015,74.7,14.8,5.5
049242,2016,75.0,14.7,5.4
049242,2017,74.8,14.4,5.4
049242,2018,73.8,15.0,5.2
049242,2019,72.9,16.3,4.9
049242,2020,73.0,16.3,4.9
049242,2021,74.1,15.2,4.8
049242,2022,74.8,15.6,4.8
049242,2023,76.4,14.8,4.8
049242,2024,76.7,14.5,4.8
04925,2015,64.8,24.1,4.0
04925,2016,65.2,23.9,4.0
04925,2017,65.3,23.2,4.0
04925,2018,65.5,22.8,4.0
04925,2019,65.0,22.9,4.0
04925,2020,68.2,21.9,4.0
04925,2021,68.0,22.2,4.0
04925,2022,68.7,20.2,4.5
04925,2023,68.5,20.9,4.5
04925,2024,68.6,21.0,4.5
049251,2015,64.9,14.9,0.0
049251,2016,65.3,16.0,0.0
049251,2017,65.3,12.0,0.0
049251,2018,67.6,10.8,0.0
049251,2019,65.8,11.0,0.0
049251,2020,74.3,6.8,0.0
049251,2021,72.0,6.7,0.0
049251,2022,69.3,8.0,0.0
049251,2023,70.8,8.3,0.0
049251,2024,72.2,6.9,0.0
049252,2015,64.8,24.6,4.2
049252,2016,65.2,24.3,4.2
049252,2017,65.3,23.8,4.2
049252,2018,65.4,23.4,4.2
049252,2019,65.0,23.5,4.2
049252,2020,67.8,22.7,4.2
049252,2021,67.7,23.0,4.2
049252,2022,68.7,20.9,4.8
049252,2023,68.4,21.5,4.8
049252,2024,68.4,21.7,4.7
0493,2015,49.5,41.4,2.3
0493,2016,48.9,42.5,2.7
0493,2017,48.3,43.2,2.6
0493,2018,47.4,43.7,2.9
0493,2019,46.7,45.0,2.9
0493,2020,47.3,44.7,2.8
0493,2021,46.0,44.4,3.2
0493,2022,45.3,45.8,2.8
0493,2023,44.3,47.0,2.6
0493,2024,43.6,47.6,2.9
04931,2015,41.9,49.2,2.0
04931,2016,42.1,50.3,2.0
04931,2017,41.9,50.1,1.9
04931,2018,41.7,49.7,1.9
04931,2019,41.4,51.5,1.9
04931,2020,41.8,51.1,1.9
04931,2021,42.0,50.4,2.1
04931,2022,42.2,50.7,2.2
04931,2023,42.1,50.8,2.1
04931,2024,41.8,50.9,2.1
049311,2015,51.2,42.5,0.0
049311,2016,50.9,42.8,0.0
049311,2017,51.1,43.2,0.0
049311,2018,50.8,42.9,0.0
049311,2019,50.0,43.5,0.0
049311,2020,50.6,44.5,0.0
049311,2021,48.6,45.2,1.2
049311,2022,49.1,44.4,1.2
049311,2023,47.7,45.4,1.2
049311,2024,47.3,45.5,1.2
049312,2015,30.0,61.7,6.6
049312,2016,30.2,61.1,6.5
049312,2017,30.1,60.8,6.5
049312,2018,29.0,58.7,6.0
049312,2019,27.8,62.9,5.8
049312,2020,28.8,62.4,5.9
049312,2021,29.0,60.8,5.8
049312,2022,29.2,60.5,5.9
049312,2023,29.6,60.6,5.8
049312,2024,29.3,61.2,5.8
049313,2015,44.7,43.8,0.0
049313,2016,45.8,47.1,0.0
049313,2017,46.0,47.1,0.0
049313,2018,46.9,47.0,0.0
049313,2019,47.6,46.8,0.0
049313,2020,49.1,46.0,0.0
049313,2021,50.8,44.5,0.0
049313,2022,50.8,44.8,0.0
049313,2023,50.6,44.5,0.0
049313,2024,50.5,44.2,0.0
049314,2015,31.5,60.4,2.4
049314,2016,31.2,61.1,2.3
049314,2017,30.7,59.3,2.1
049314,2018,30.6,59.8,2.1
049314,2019,30.5,62.6,2.1
049314,2020,28.2,61.0,2.0
049314,2021,28.4,61.0,2.0
049314,2022,29.0,63.6,2.0
049314,2023,29.6,63.2,2.0
049314,2024,29.1,63.3,2.0
049315,2015,82.5,6.3,0.0
049315,2016,84.1,5.5,0.0
049315,2017,82.9,5.2,0.0
049315,2018,84.9,4.7,0.0
049315,2019,85.6,4.5,0.0
049315,2020,89.3,5.1,0.0
049315,2021,89.6,4.7,0.0
049315,2022,89.7,3.8,0.0
049315,2023,91.5,3.4,0.0
049315,2024,90.0,3.5,0.0
049316,2015,,,
049316,2016,,,
049316,2017,,,
049316,2018,,,
049316,2019,,,
049316,2020,,,
049316,2021,,,
049316,2022,,,
049316,2023,,,
049316,2024,,,
04932,2015,66.8,26.2,0.0
04932,2016,67.0,26.1,0.0
04932,2017,65.6,27.9,0.0
04932,2018,64.5,29.4,0.0
04932,2019,64.0,29.8,0.0
04932,2020,66.0,29.0,0.0
04932,2021,63.9,30.0,0.0
04932,2022,62.4,30.3,0.0
04932,2023,60.2,33.2,0.0
04932,2024,60.7,32.8,0.0
049321,2015,66.2,26.7,0.0
049321,2016,66.6,26.1,0.0
049321,2017,66.4,26.4,0.0
049321,2018,60.5,32.9,0.0
049321,2019,61.0,32.8,0.0
049321,2020,62.3,31.3,0.0
049321,2021,58.9,31.2,0.0
049321,2022,55.9,37.8,0.0
049321,2023,51.9,40.4,0.0
049321,2024,52.8,40.2,0.0
049322,2015,78.9,14.9,0.0
049322,2016,78.6,15.0,0.0
049322,2017,78.9,15.1,0.0
049322,2018,78.8,15.2,0.0
049322,2019,78.6,15.2,0.0
049322,2020,80.7,14.3,0.0
049322,2021,79.9,15.0,0.0
049322,2022,77.6,17.6,0.0
049322,2023,73.6,20.5,0.0
049322,2024,73.4,20.6,0.0
049323,2015,56.4,36.0,0.0
049323,2016,56.9,36.0,0.0
049323,2017,54.4,38.9,0.0
049323,2018,53.9,40.1,0.0
049323,2019,53.0,40.9,0.0
049323,2020,54.9,40.4,0.0
049323,2021,52.6,41.8,0.0
049323,2022,52.3,38.0,0.0
049323,2023,52.0,41.2,0.0
049323,2024,52.8,40.8,0.0
04933,2015,18.1,61.3,16.1
04933,2016,15.7,62.8,17.9
04933,2017,16.7,63.2,16.5
04933,2018,17.3,62.2,17.6
04933,2019,17.5,62.3,16.2
04933,2020,17.7,62.2,14.3
04933,2021,17.7,58.4,14.6
04933,2022,17.1,64.9,10.8
04933,2023,18.4,64.2,9.3
04933,2024,17.0,66.5,10.3
049331,2015,83.6,3.1,0.0
049331,2016,87.8,4.1,0.0
049331,2017,88.0,3.5,0.0
049331,2018,68.8,23.2,0.0
049331,2019,60.0,34.3,0.0
049331,2020,46.0,47.4,0.0
049331,2021,45.9,46.5,0.0
049331,2022,46.3,48.6,0.0
049331,2023,39.9,50.8,0.0
049331,2024,40.3,53.5,0.0
049332,2015,8.8,69.6,18.4
049332,2016,7.5,69.5,19.9
049332,2017,9.2,69.5,18.3
049332,2018,10.1,67.7,20.1
049332,2019,10.5,66.9,18.8
049332,2020,10.8,65.8,17.8
049332,2021,11.9,60.8,17.6
049332,2022,11.7,67.9,12.8
049332,2023,14.0,66.9,11.1
049332,2024,12.8,68.9,12.2
0494,2015,60.9,29.6,3.8
0494,2016,60.5,30.3,3.7
0494,2017,59.6,30.8,3.9
0494,2018,58.2,31.5,4.0
0494,2019,56.9,32.4,3.9
0494,2020,57.7,32.9,3.9
0494,2021,57.1,33.4,3.8
0494,2022,54.9,34.3,4.2
0494,2023,54.8,35.5,4.1
0494,2024,52.6,37.5,4.0
04941,2015,56.7,35.6,1.1
04941,2016,56.5,36.6,1.1
04941,2017,56.0,36.7,1.1
04941,2018,54.6,37.9,1.1
04941,2019,54.1,38.9,1.1
04941,2020,55.3,38.8,1.1
04941,2021,54.3,39.5,1.1
04941,2022,52.0,40.2,2.0
04941,2023,52.0,40.3,2.0
04941,2024,51.0,40.9,2.0
049411,2015,47.2,44.6,0.0
049411,2016,47.8,46.3,0.0
049411,2017,47.4,46.1,0.0
049411,2018,47.4,46.1,0.0
049411,2019,47.0,46.9,0.0
049411,2020,47.5,47.7,0.0
049411,2021,46.9,48.4,0.0
049411,2022,40.8,52.6,1.7
049411,2023,40.2,52.1,1.7
049411,2024,39.8,53.4,1.7
049412,2015,59.5,34.5,0.0
049412,2016,59.6,35.3,0.0
049412,2017,58.7,35.7,0.0
049412,2018,58.0,36.3,0.0
049412,2019,57.5,37.2,0.0
049412,2020,59.2,36.4,0.0
049412,2021,57.7,37.8,0.0
049412,2022,57.1,37.9,0.0
049412,2023,56.8,37.7,0.0
049412,2024,55.6,37.8,0.0
049413,2015,52.3,38.4,2.7
049413,2016,51.5,39.4,2.7
049413,2017,51.2,39.6,2.7
049413,2018,47.8,42.3,2.6
049413,2019,47.0,44.0,2.5
049413,2020,48.0,43.7,2.5
049413,2021,46.7,44.3,2.5
049413,2022,45.4,44.1,2.9
049413,2023,46.0,44.3,2.9
049413,2024,44.7,45.3,2.9
049414,2015,72.8,21.5,1.6
049414,2016,73.3,21.6,1.6
049414,2017,71.2,21.5,1.5
049414,2018,72.1,22.2,1.5
049414,2019,72.0,21.9,1.5
049414,2020,73.7,21.6,1.5
049414,2021,73.7,22.1,1.5
049414,2022,73.0,18.8,4.7
049414,2023,73.6,18.6,4.6
049414,2024,73.0,18.0,4.6
049415,2015,68.6,20.6,0.0
049415,2016,66.0,25.0,0.0
049415,2017,67.2,25.5,0.0
049415,2018,67.0,24.0,0.0
049415,2019,67.4,24.5,0.0
049415,2020,68.9,25.6,0.0
049415,2021,70.4,24.8,0.0
049415,2022,71.1,23.4,0.0
049415,2023,71.3,23.9,0.0
049415,2024,70.6,24.0,0.0
04942,2015,55.8,28.3,12.2
04942,2016,54.0,29.7,11.0
04942,2017,50.6,32.9,11.8
04942,2018,48.4,32.8,12.0
04942,2019,44.2,35.0,10.3
04942,2020,44.5,37.5,9.9
04942,2021,44.4,37.9,9.2
04942,2022,43.9,39.7,8.8
04942,2023,45.3,40.1,8.7
04942,2024,45.2,40.8,8.7
049421,2015,77.8,16.1,0.0
049421,2016,78.3,15.7,0.0
049421,2017,78.6,14.6,0.0
049421,2018,79.5,14.8,0.0
049421,2019,80.4,14.1,0.0
049421,2020,74.7,17.7,0.0
049421,2021,77.1,16.9,0.0
049421,2022,76.8,17.0,0.0
049421,2023,78.3,16.6,0.0
049421,2024,78.9,16.7,0.0
049422,2015,83.3,9.1,4.8
049422,2016,83.3,8.8,4.8
049422,2017,79.2,9.0,4.6
049422,2018,79.4,8.8,4.6
049422,2019,77.0,10.1,4.3
049422,2020,78.0,10.3,4.2
049422,2021,73.8,15.4,3.8
049422,2022,74.2,17.8,3.7
049422,2023,75.0,17.6,3.7
049422,2024,74.8,18.3,3.7
049423,2015,38.0,39.7,19.0
049423,2016,37.5,40.4,16.1
049423,2017,35.0,44.7,17.0
049423,2018,32.7,43.4,16.8
049423,2019,29.5,44.9,13.7
049423,2020,30.5,47.8,13.3
049423,2021,30.7,47.5,12.4
049423,2022,30.5,49.2,11.8
049423,2023,32.3,49.7,11.6
049423,2024,32.2,50.4,11.6
04943,2015,70.3,19.4,6.4
04943,2016,70.5,19.1,6.4
04943,2017,70.4,18.9,6.3
04943,2018,70.1,18.9,6.3
04943,2019,69.6,19.0,6.1
04943,2020,70.4,19.7,6.1
04943,2021,71.3,19.0,6.0
04943,2022,69.5,18.9,6.3
04943,2023,69.0,20.9,6.2
04943,2024,69.2,21.0,6.2
049431,2015,81.6,13.0,2.9
049431,2016,81.1,12.9,2.9
049431,2017,81.3,12.8,2.9
049431,2018,80.7,13.0,2.8
049431,2019,80.7,13.4,2.8
049431,2020,81.6,13.1,2.8
049431,2021,82.1,11.9,2.8
049431,2022,81.8,11.6,2.7
049431,2023,78.7,16.5,2.6
049431,2024,78.5,16.7,2.6
049432,2015,64.7,25.0,4.0
049432,2016,65.6,24.3,4.0
049432,2017,64.4,24.2,4.0
049432,2018,64.7,23.4,3.9
049432,2019,61.8,23.6,3.4
049432,2020,63.4,27.8,3.4
049432,2021,65.0,26.5,3.4
049432,2022,63.5,26.4,3.3
049432,2023,62.8,26.5,3.1
049432,2024,62.9,27.2,3.1
049433,2015,63.8,12.6,20.4
049433,2016,63.7,13.1,20.3
049433,2017,63.7,12.9,20.0
049433,2018,63.3,12.9,19.8
049433,2019,64.3,12.7,19.9
049433,2020,64.7,12.3,19.8
049433,2021,65.2,12.7,19.5
049433,2022,64.7,8.6,22.8
049433,2023,65.7,8.9,22.8
049433,2024,66.3,8.5,22.8
049434,2015,66.7,25.4,3.5
049434,2016,67.6,24.8,3.4
049434,2017,67.9,24.7,3.4
049434,2018,67.7,24.8,3.4
049434,2019,68.0,24.4,3.4
049434,2020,68.4,24.1,3.4
049434,2021,69.3,23.7,3.4
049434,2022,65.4,25.6,3.2
049434,2023,66.3,27.1,3.1
049434,2024,66.5,27.0,3.1
04944,2015,65.0,28.0,1.4
04944,2016,64.6,28.2,1.4
04944,2017,64.2,28.7,1.4
04944,2018,63.5,29.0,1.3
04944,2019,63.3,29.1,1.3
04944,2020,64.1,28.4,1.3
04944,2021,62.5,30.1,1.3
04944,2022,55.7,32.1,1.8
04944,2023,52.8,38.9,1.7
04944,2024,40.5,49.3,1.2
049441,2015,61.0,32.9,0.8
049441,2016,60.5,33.5,0.8
049441,2017,59.5,34.5,0.8
049441,2018,58.7,34.7,0.8
049441,2019,58.8,34.9,0.8
049441,2020,59.8,34.1,0.8
049441,2021,59.1,35.3,0.8
049441,2022,49.9,36.6,1.4
049441,2023,47.5,45.4,1.3
049441,2024,47.4,45.5,1.3
049442,2015,54.2,41.2,0.0
049442,2016,54.5,40.3,0.0
049442,2017,54.3,39.3,0.0
049442,2018,53.9,40.8,0.0
049442,2019,52.1,41.3,0.0
049442,2020,52.4,39.9,0.0
049442,2021,50.2,40.1,0.0
049442,2022,44.6,45.4,0.0
049442,2023,38.6,50.8,0.0
049442,2024,15.6,70.7,0.0
049443,2015,81.4,7.8,3.5
049443,2016,80.8,7.8,3.5
049443,2017,81.8,7.7,3.4
049443,2018,81.0,7.9,3.4
049443,2019,81.1,7.6,3.4
049443,2020,81.2,7.8,3.3
049443,2021,78.4,11.3,3.2
049443,2022,80.4,9.6,4.2
049443,2023,81.8,8.0,4.2
049443,2024,81.5,7.7,4.2
04945,2015,74.0,4.3,0.0
04945,2016,73.9,4.6,0.0
04945,2017,75.7,4.8,0.0
04945,2018,74.8,4.8,0.0
04945,2019,76.1,4.2,0.0
04945,2020,74.1,4.4,0.0
04945,2021,74.2,4.1,0.0
04945,2022,74.1,4.4,0.0
04945,2023,78.5,4.5,0.0
04945,2024,78.4,4.5,0.0
049451,2015,74.0,4.4,0.0
049451,2016,73.9,4.6,0.0
049451,2017,75.8,4.8,0.0
049451,2018,74.9,4.9,0.0
049451,2019,76.2,4.2,0.0
049451,2020,74.1,4.5,0.0
049451,2021,74.3,4.1,0.0
049451,2022,74.1,4.5,0.0
049451,2023,78.6,4.6,0.0
049451,2024,78.6,4.5,0.0
049452,2015,,,
049452,2016,,,
049452,2017,,,
049452,2018,,,
049452,2019,,,
049452,2020,,,
049452,2021,,,
049452,2022,,,
049452,2023,,,
049452,2024,,,
0495,2015,46.2,36.0,11.8
0495,2016,44.4,37.6,11.5
0495,2017,44.0,37.7,11.4
0495,2018,43.8,37.9,10.9
0495,2019,44.0,37.9,11.2
0495,2020,45.1,35.7,12.2
0495,2021,46.3,35.0,12.4
0495,2022,47.4,34.0,12.1
0495,2023,49.8,33.7,11.7
0495,2024,49.4,34.4,11.4
04951,2015,39.5,44.8,11.1
04951,2016,38.7,45.6,10.6
04951,2017,37.9,46.4,9.9
04951,2018,37.4,46.2,9.5
04951,2019,37.1,47.1,10.5
04951,2020,38.5,45.3,10.9
04951,2021,38.6,45.6,10.7
04951,2022,38.4,44.5,10.5
04951,2023,39.8,44.8,10.4
04951,2024,38.5,45.7,10.3
049511,2015,35.6,48.9,12.4
049511,2016,35.0,49.6,11.8
049511,2017,34.3,50.5,11.0
049511,2018,34.0,50.1,10.5
049511,2019,33.8,50.7,11.5
049511,2020,35.6,48.8,12.0
049511,2021,35.6,49.0,11.7
049511,2022,35.4,47.9,11.5
049511,2023,37.0,47.9,11.5
049511,2024,36.0,48.3,11.4
049512,2015,72.6,9.5,0.0
049512,2016,71.9,9.9,0.0
049512,2017,71.8,7.5,0.0
049512,2018,71.0,8.8,0.0
049512,2019,70.8,10.6,0.0
049512,2020,70.2,8.5,0.0
049512,2021,71.0,8.0,0.0
049512,2022,70.8,7.6,0.0
049512,2023,66.8,15.1,0.0
049512,2024,60.7,21.7,0.0
04952,2015,58.0,20.5,13.0
04952,2016,53.6,24.7,13.1
04952,2017,54.1,23.5,13.8
04952,2018,54.2,24.4,13.1
04952,2019,55.0,23.2,12.3
04952,2020,55.0,21.2,14.0
04952,2021,57.0,20.4,14.8
04952,2022,59.7,19.5,14.3
04952,2023,62.6,19.3,13.3
04952,2024,63.0,20.1,12.9
049521,2015,65.5,21.9,0.0
049521,2016,54.2,30.2,3.5
049521,2017,54.6,28.1,5.6
049521,2018,56.2,26.4,5.3
049521,2019,58.6,25.1,4.9
049521,2020,58.2,22.5,9.2
049521,2021,59.4,20.2,11.2
049521,2022,61.5,19.3,10.5
049521,2023,65.4,19.2,9.7
049521,2024,65.8,20.3,9.3
049522,2015,51.8,19.2,24.0
049522,2016,52.9,18.6,23.9
049522,2017,53.4,18.0,23.7
049522,2018,51.6,21.8,22.8
049522,2019,50.6,20.8,21.7
049522,2020,50.7,19.5,20.4
049522,2021,53.3,20.6,20.4
049522,2022,56.5,19.9,20.8
049522,2023,58.0,19.4,19.4
049522,2024,58.0,19.8,19.2
0496,2015,48.3,39.6,7.5
0496,2016,48.0,39.7,7.4
0496,2017,47.6,40.6,7.2
0496,2018,46.9,41.3,7.3
0496,2019,46.2,42.2,7.1
0496,2020,47.1,41.0,7.1
0496,2021,47.0,40.3,7.1
0496,2022,46.3,40.3,6.9
0496,2023,46.7,40.5,6.9
0496,2024,46.1,40.7,6.8
04961,2015,43.3,45.9,6.8
04961,2016,43.6,45.1,6.8
04961,2017,42.9,46.3,6.6
04961,2018,42.3,46.8,6.9
04961,2019,41.4,48.0,6.8
04961,2020,42.5,47.1,6.8
04961,2021,42.1,46.3,6.8
04961,2022,41.3,46.5,6.5
04961,2023,41.4,47.1,6.5
04961,2024,40.9,47.2,6.5
049611,2015,41.5,50.7,2.8
049611,2016,41.0,46.5,2.8
049611,2017,40.4,50.9,2.7
049611,2018,40.2,51.5,2.7
049611,2019,40.0,51.8,2.7
049611,2020,39.1,53.7,2.6
049611,2021,39.3,52.9,2.6
049611,2022,38.9,53.5,2.5
049611,2023,39.1,52.5,2.6
049611,2024,38.5,52.5,2.6
049612,2015,64.4,23.6,7.6
049612,2016,64.9,24.1,7.5
049612,2017,64.4,23.8,7.5
049612,2018,64.7,23.6,7.4
049612,2019,61.4,27.9,7.1
049612,2020,62.1,27.7,7.0
049612,2021,61.5,26.1,6.9
049612,2022,62.5,26.9,6.8
049612,2023,62.2,27.2,6.8
049612,2024,61.6,27.2,6.7
049613,2015,33.4,53.5,9.5
049613,2016,33.9,53.5,9.5
049613,2017,33.2,54.3,9.4
049613,2018,32.2,54.2,10.0
049613,2019,31.5,55.6,9.7
049613,2020,33.1,53.6,9.9
049613,2021,32.3,52.8,9.9
049613,2022,31.2,52.7,9.4
049613,2023,31.2,54.0,9.2
049613,2024,30.6,54.2,9.1
049614,2015,67.2,24.8,3.3
049614,2016,67.4,24.2,3.2
049614,2017,69.0,23.3,3.2
049614,2018,69.3,22.7,3.2
049614,2019,69.5,23.0,3.2
049614,2020,71.2,22.9,3.1
049614,2021,71.5,22.9,3.1
049614,2022,71.9,22.0,3.1
049614,2023,73.0,21.5,3.1
049614,2024,73.1,21.6,3.1
049615,2015,77.7,15.2,1.0
049615,2016,77.9,14.9,0.9
049615,2017,78.4,15.2,0.9
049615,2018,78.2,14.9,0.9
049615,2019,78.7,14.6,0.9
049615,2020,79.7,14.3,0.9
049615,2021,79.9,14.0,0.9
049615,2022,81.1,13.6,0.9
049615,2023,81.9,13.3,0.9
049615,2024,81.3,13.3,0.9
049616,2015,43.6,50.5,4.1
049616,2016,43.6,50.6,4.1
049616,2017,40.5,50.2,3.8
049616,2018,40.9,53.9,3.6
049616,2019,39.9,54.2,3.6
049616,2020,40.7,53.0,3.6
049616,2021,40.3,52.0,3.6
049616,2022,39.3,52.4,3.5
049616,2023,39.9,52.9,3.5
049616,2024,39.6,53.1,3.5
04962,2015,51.5,30.5,13.9
04962,2016,50.6,31.6,13.8
04962,2017,51.5,30.5,13.4
04962,2018,51.8,30.8,13.3
04962,2019,51.1,31.0,13.3
04962,2020,51.4,31.3,13.2
04962,2021,52.3,31.3,13.2
04962,2022,52.3,30.7,13.1
04962,2023,53.2,30.7,13.1
04962,2024,53.1,30.6,13.0
049621,2015,50.9,36.9,8.3
049621,2016,49.9,38.2,8.1
049621,2017,50.6,37.5,8.1
049621,2018,50.7,37.4,8.1
049621,2019,50.1,37.6,8.0
049621,2020,51.0,37.6,8.0
049621,2021,51.7,37.8,8.0
049621,2022,51.6,37.4,8.0
049621,2023,52.4,37.3,7.9
049621,2024,52.3,37.3,7.9
049622,2015,53.2,12.1,30.3
049622,2016,52.6,12.1,30.4
049622,2017,54.2,12.0,27.5
049622,2018,54.8,12.9,27.5
049622,2019,53.8,13.1,27.4
049622,2020,52.5,14.4,27.2
049622,2021,54.0,13.6,27.3
049622,2022,54.0,13.2,26.8
049622,2023,55.5,13.2,26.7
049622,2024,55.5,12.9,26.6
04963,2015,56.1,31.3,8.3
04963,2016,53.5,34.3,7.8
04963,2017,53.0,35.7,7.5
04963,2018,51.3,37.2,7.2
04963,2019,51.6,37.2,7.1
04963,2020,52.7,34.9,7.0
04963,2021,52.8,33.7,7.0
04963,2022,52.8,32.6,7.1
04963,2023,53.2,31.8,7.0
04963,2024,51.9,32.7,6.8
049631,2015,38.0,58.8,0.0
049631,2016,38.7,58.4,0.0
049631,2017,39.2,59.2,0.0
049631,2018,38.7,59.2,0.0
049631,2019,38.7,59.5,0.0
049631,2020,38.3,58.0,0.0
049631,2021,38.3,58.3,0.0
049631,2022,37.9,57.6,0.0
049631,2023,38.4,52.8,0.0
049631,2024,38.8,58.8,0.0
049632,2015,60.9,32.8,2.2
049632,2016,55.6,38.5,2.0
049632,2017,53.9,40.9,1.8
049632,2018,52.1,42.5,1.7
049632,2019,52.4,42.4,1.7
049632,2020,54.4,38.5,1.7
049632,2021,54.1,37.0,1.7
049632,2022,55.4,34.7,2.1
049632,2023,56.5,36.0,2.1
049632,2024,55.1,37.5,2.1
049633,2015,75.5,12.8,0.0
049633,2016,76.6,11.7,0.0
049633,2017,77.1,8.3,0.0
049633,2018,74.7,9.1,0.0
049633,2019,75.8,9.1,0.0
049633,2020,75.8,10.5,0.0
049633,2021,75.0,10.4,0.0
049633,2022,70.2,10.6,0.0
049633,2023,73.4,9.6,0.0
049633,2024,78.0,7.7,0.0
049634,2015,49.1,22.8,24.0
049634,2016,49.2,22.2,23.7
049634,2017,50.0,22.0,23.7
049634,2018,48.2,24.1,22.9
049634,2019,48.7,24.0,22.8
049634,2020,48.7,24.1,22.5
049634,2021,49.8,22.9,22.3
049634,2022,47.6,24.3,21.5
049634,2023,46.9,21.0,19.9
049634,2024,45.0,20.2,18.9
049635,2015,88.2,2.0,0.0
049635,2016,89.4,2.9,0.0
049635,2017,88.8,0.9,0.0
049635,2018,87.2,1.8,0.0
049635,2019,86.4,2.7,0.0
049635,2020,85.3,4.6,0.0
049635,2021,85.2,4.6,0.0
049635,2022,86.2,4.6,0.0
049635,2023,84.4,4.6,0.0
049635,2024,86.1,1.9,0.0
04964,2015,81.3,3.2,0.0
04964,2016,80.5,3.2,0.0
04964,2017,82.6,2.8,0.0
04964,2018,83.1,2.6,0.0
04964,2019,79.9,5.5,0.0
04964,2020,75.4,6.0,0.0
04964,2021,77.0,6.2,0.0
04964,2022,75.3,6.6,0.0
04964,2023,79.6,6.6,0.0
04964,2024,79.0,6.6,0.0
049641,2015,,,
049641,2016,,,
049641,2017,,,
049641,2018,,,
049641,2019,,,
049641,2020,,,
049641,2021,,,
049641,2022,,,
049641,2023,,,
049641,2024,,,
049642,2015,83.7,1.8,0.0
049642,2016,81.7,1.8,0.0
049642,2017,85.3,1.8,0.0
049642,2018,85.9,2.2,0.0
049642,2019,78.8,8.4,0.0
049642,2020,72.6,8.2,0.0
049642,2021,74.9,8.4,0.0
049642,2022,71.8,7.8,0.0
049642,2023,80.8,8.2,0.0
049642,2024,79.0,9.0,0.0
049643,2015,81.1,4.4,0.0
049643,2016,80.5,4.2,0.0
049643,2017,82.1,3.2,0.0
049643,2018,82.1,2.6,0.0
049643,2019,83.2,1.8,0.0
049643,2020,81.0,2.5,0.0
049643,2021,81.3,3.3,0.0
049643,2022,81.7,4.4,0.0
049643,2023,79.5,4.1,0.0
049643,2024,80.7,3.4,0.0
049644,2015,69.9,4.1,0.0
049644,2016,73.6,5.6,0.0
049644,2017,70.0,7.1,0.0
049644,2018,71.8,5.6,0.0
049644,2019,69.1,5.9,0.0
049644,2020,66.2,8.5,0.0
049644,2021,71.0,5.8,0.0
049644,2022,68.7,9.0,0.0
049644,2023,69.6,7.2,0.0
049644,2024,69.6,4.3,0.0
049645,2015,,,
049645,2016,,,
049645,2017,,,
049645,2018,,,
049645,2019,,,
049645,2020,,,
049645,2021,,,
049645,2022,,,
049645,2023,,,
049645,2024,,,
0497,2015,61.1,22.4,3.6
0497,2016,60.6,21.4,3.6
0497,2017,60.7,27.8,4.4
0497,2018,61.5,27.3,4.3
0497,2019,61.8,26.9,4.2
0497,2020,62.8,20.3,4.2
0497,2021,64.3,20.4,4.2
0497,2022,65.4,20.0,4.2
0497,2023,65.9,20.2,4.1
0497,2024,66.1,20.2,4.1
04971,2015,65.3,22.8,5.9
04971,2016,65.1,22.0,5.8
04971,2017,65.7,21.7,5.7
04971,2018,66.8,21.0,5.5
04971,2019,66.8,21.0,5.4
04971,2020,65.9,21.2,5.2
04971,2021,66.6,21.0,5.1
04971,2022,66.9,20.3,5.0
04971,2023,67.6,20.5,4.9
04971,2024,67.5,20.8,4.9
049711,2015,76.1,9.4,0.0
049711,2016,79.0,6.5,0.0
049711,2017,79.3,5.7,0.0
049711,2018,79.7,5.6,0.0
049711,2019,80.3,4.8,0.0
049711,2020,74.2,7.9,0.0
049711,2021,76.2,8.6,0.0
049711,2022,73.0,7.9,0.0
049711,2023,76.0,6.2,0.0
049711,2024,77.9,4.8,0.0
049712,2015,80.9,8.2,0.0
049712,2016,82.0,7.2,0.0
049712,2017,82.9,7.2,0.0
049712,2018,86.5,7.2,0.0
049712,2019,85.6,8.1,0.0
049712,2020,77.6,9.5,0.0
049712,2021,78.1,7.9,0.0
049712,2022,76.1,8.5,0.0
049712,2023,79.6,8.0,0.0
049712,2024,78.1,7.0,0.0
049713,2015,58.2,30.7,6.0
049713,2016,58.5,30.3,6.0
049713,2017,59.1,30.7,6.1
049713,2018,59.0,31.1,6.1
049713,2019,58.7,30.9,6.1
049713,2020,59.0,30.8,6.1
049713,2021,57.5,31.9,6.0
049713,2022,58.2,30.8,6.0
049713,2023,58.8,31.0,6.1
049713,2024,58.9,30.7,6.1
049714,2015,87.7,2.6,0.0
049714,2016,85.2,2.0,0.0
049714,2017,86.1,1.8,0.0
049714,2018,85.7,2.3,0.0
049714,2019,84.3,3.8,0.0
049714,2020,82.9,5.3,0.0
049714,2021,85.0,4.8,0.0
049714,2022,85.1,4.3,0.0
049714,2023,83.1,7.4,0.0
049714,2024,82.4,8.9,0.0
049715,2015,55.9,30.9,9.7
049715,2016,55.5,30.7,9.7
049715,2017,55.2,30.7,9.7
049715,2018,55.9,30.4,9.7
049715,2019,56.0,30.4,9.6
049715,2020,55.5,30.0,9.4
049715,2021,55.7,29.9,9.4
049715,2022,55.9,29.6,9.3
049715,2023,57.0,29.1,9.3
049715,2024,57.0,29.2,9.4
04972,2015,55.3,22.0,0.6
04972,2016,54.5,20.6,0.6
04972,2017,53.9,36.0,2.5
04972,2018,54.0,36.1,2.5
04972,2019,54.6,35.5,2.5
04972,2020,58.0,18.9,2.7
04972,2021,60.5,19.4,2.8
04972,2022,62.8,19.5,2.9
04972,2023,62.8,19.6,2.8
04972,2024,63.6,19.0,2.8
049721,2015,66.5,25.7,1.1
049721,2016,66.0,25.8,1.1
049721,2017,64.2,24.9,4.7
049721,2018,64.3,24.8,4.7
049721,2019,64.4,24.6,4.7
049721,2020,64.7,24.8,4.7
049721,2021,64.1,25.3,4.6
049721,2022,65.0,24.9,4.6
049721,2023,65.4,25.1,4.6
049721,2024,65.9,24.3,4.6
049722,2015,65.5,12.1,0.0
049722,2016,62.3,9.8,0.0
049722,2017,62.3,8.2,0.0
049722,2018,59.0,13.1,0.0
049722,2019,60.0,13.3,0.0
049722,2020,67.9,9.4,0.0
049722,2021,68.5,9.3,0.0
049722,2022,71.2,9.6,0.0
049722,2023,72.0,10.0,0.0
049722,2024,68.5,9.3,0.0
049723,2015,88.8,1.4,0.0
049723,2016,87.7,1.1,0.0
049723,2017,87.7,0.8,0.0
049723,2018,88.0,1.4,0.0
049723,2019,89.4,1.6,0.0
049723,2020,88.5,2.7,0.0
049723,2021,87.7,2.1,0.0
049723,2022,89.1,2.1,0.0
049723,2023,88.5,2.9,0.0
049723,2024,90.3,2.4,0.0
049724,2015,4.2,30.8,0.0
049724,2016,4.2,25.4,0.0
049724,2017,4.3,91.3,0.0
049724,2018,4.7,91.3,0.0
049724,2019,4.7,89.6,0.0
049724,2020,5.9,19.7,0.0
049724,2021,8.0,22.0,0.0
049724,2022,9.1,24.8,0.0
049724,2023,9.0,23.8,0.0
049724,2024,9.1,23.7,0.0
049725,2015,60.0,13.3,0.0
049725,2016,59.4,15.6,0.0
049725,2017,62.5,18.8,0.0
049725,2018,62.5,18.8,0.0
049725,2019,67.9,10.7,0.0
049725,2020,64.5,9.7,0.0
049725,2021,70.0,6.7,0.0
049725,2022,66.7,10.0,0.0
049725,2023,63.3,10.0,0.0
049725,2024,66.7,10.0,0.0
049999,2015,60.9,19.6,0.0
049999,2017,72.9,16.7,0.0
049999,2018,100.0,0.0,0.0
049999,2019,100.0,0.0,0.0
049999,2020,,,
049999,2021,,,
049999,2022,,,
049999,2023,,,
049999,2024,,,
092,2015,54.4,36.8,4.2
092,2016,52.9,37.3,4.3
092,2017,51.8,38.2,4.3
092,2018,50.4,39.4,4.4
092,2019,48.9,40.4,4.4
092,2020,48.9,41.1,4.4
092,2021,47.8,41.3,4.3
092,2022,47.0,41.6,4.3
092,2023,46.7,41.9,4.4
092,2024,46.2,42.6,4.3
0921,2015,56.8,35.6,2.5
0921,2016,55.2,36.4,2.6
0921,2017,54.2,37.4,2.7
0921,2018,53.0,38.6,2.6
0921,2019,51.3,39.4,2.7
0921,2020,52.0,40.2,2.7
0921,2021,50.9,40.1,2.7
0921,2022,49.9,40.6,2.8
0921,2023,48.8,41.7,2.7
0921,2024,48.1,42.5,2.7
09210,2015,91.6,2.3,1.0
09210,2016,92.0,1.0,1.0
09210,2017,90.7,2.0,1.0
09210,2018,88.8,2.3,1.0
09210,2019,86.5,3.0,1.0
09210,2020,87.9,2.6,1.0
09210,2021,89.3,2.6,1.0
09210,2022,89.4,2.3,1.0
09210,2023,89.1,1.9,1.0
09210,2024,90.1,1.3,1.0
09211,2015,65.3,22.0,9.6
09211,2016,64.6,21.3,9.2
09211,2017,62.4,20.6,9.1
09211,2018,63.5,21.2,9.0
09211,2019,63.7,21.2,8.9
09211,2020,66.7,20.5,8.9
09211,2021,67.8,20.0,8.9
09211,2022,66.4,20.3,8.8
09211,2023,66.4,20.9,8.7
09211,2024,67.4,20.4,8.7
09212,2015,55.6,38.6,2.0
09212,2016,54.0,38.4,2.0
09212,2017,53.8,38.6,1.9
09212,2018,53.5,39.2,1.9
09212,2019,53.5,39.1,1.9
09212,2020,54.5,39.2,1.9
09212,2021,53.9,39.3,1.9
09212,2022,54.2,38.6,2.5
09212,2023,52.5,39.4,2.4
09212,2024,51.8,40.6,2.4
09213,2015,71.8,21.5,0.3
09213,2016,70.5,22.3,0.3
09213,2017,70.0,23.5,0.3
09213,2018,69.6,23.0,0.3
09213,2019,68.9,24.1,0.3
09213,2020,70.4,23.2,0.3
09213,2021,68.7,24.2,0.3
09213,2022,67.6,24.3,0.3
09213,2023,67.5,24.9,0.3
09213,2024,67.3,24.3,0.3
09214,2015,53.9,43.6,0.0
09214,2016,54.1,43.3,0.0
09214,2017,53.2,43.4,0.0
09214,2018,52.8,42.7,0.0
09214,2019,53.7,42.7,0.0
09214,2020,54.0,42.1,0.0
09214,2021,58.2,35.4,0.0
09214,2022,59.2,34.3,0.0
09214,2023,59.5,34.4,0.0
09214,2024,59.3,35.7,0.0
09215,2015,51.6,40.8,2.1
09215,2016,49.6,43.0,2.1
09215,2017,48.6,43.6,2.0
09215,2018,47.8,44.9,2.0
09215,2019,46.3,46.2,2.0
09215,2020,46.9,46.6,1.9
09215,2021,44.7,47.3,1.9
09215,2022,43.3,48.0,2.2
09215,2023,41.1,49.1,2.0
09215,2024,39.9,50.4,2.0
09216,2015,51.3,33.8,7.6
09216,2016,47.6,35.6,8.6
09216,2017,48.8,36.4,8.6
09216,2018,46.2,39.0,8.1
09216,2019,41.8,37.9,8.8
09216,2020,42.9,40.7,8.7
09216,2021,42.2,40.0,8.6
09216,2022,41.8,40.8,8.6
09216,2023,42.2,41.5,8.4
09216,2024,41.7,41.6,8.4
09217,2015,55.2,38.7,1.0
09217,2016,54.7,38.4,1.0
09217,2017,51.9,40.9,1.5
09217,2018,49.6,43.1,1.5
09217,2019,47.2,44.8,1.4
09217,2020,47.1,46.4,1.4
09217,2021,46.1,46.2,1.3
09217,2022,44.6,47.1,1.2
09217,2023,44.0,48.7,1.3
09217,2024,43.6,49.0,1.2
09218,2015,78.7,13.0,2.9
09218,2016,78.1,13.3,2.9
09218,2017,77.8,13.6,2.8
09218,2018,77.4,13.3,2.8
09218,2019,77.7,12.9,2.7
09218,2020,78.9,12.7,2.8
09218,2021,79.0,12.5,2.8
09218,2022,79.8,12.4,2.7
09218,2023,80.7,12.3,2.7
09218,2024,80.7,12.0,2.7
09220,2015,64.3,25.1,6.6
09220,2016,63.8,24.7,6.4
09220,2017,64.1,24.4,6.4
09220,2018,64.1,24.1,6.3
09220,2019,64.4,23.7,6.3
09220,2020,64.5,23.8,6.2
09220,2021,65.2,23.5,6.3
09220,2022,65.5,22.3,6.1
09220,2023,66.0,21.5,6.1
09220,2024,63.1,23.5,6.1
09226,2015,87.3,11.8,0.0
09226,2016,83.5,11.3,0.0
09226,2017,84.3,10.4,0.0
09226,2018,84.6,9.4,0.0
09226,2019,84.5,10.3,0.0
09226,2020,82.9,9.4,0.0
09226,2021,82.9,8.5,0.0
09226,2022,81.4,10.2,0.0
09226,2023,79.7,10.2,0.0
09226,2024,80.5,8.5,0.0
0922,2015,71.0,19.7,2.9
0922,2016,59.0,30.5,4.6
0922,2017,55.5,32.1,4.2
0922,2018,49.0,37.7,5.9
0922,2019,43.9,42.7,5.0
0922,2020,40.3,47.5,4.5
0922,2021,39.6,47.2,4.3
0922,2022,39.7,45.7,5.5
0922,2023,38.0,45.6,6.8
0922,2024,37.6,46.7,6.7
09221,2015,69.4,19.1,0.0
09221,2016,68.3,20.6,0.0
09221,2017,66.8,22.1,0.0
09221,2018,68.2,22.1,0.0
09221,2019,67.5,23.6,0.0
09221,2020,67.9,19.8,0.0
09221,2021,67.0,22.3,0.0
09221,2022,66.5,22.2,0.0
09221,2023,65.2,22.7,0.0
09221,2024,64.8,23.1,0.0
09222,2015,85.1,10.8,0.0
09222,2016,11.2,74.0,13.0
09222,2017,10.9,76.2,11.5
09222,2018,10.5,59.9,20.4
09222,2019,12.6,60.3,15.8
09222,2020,15.1,61.3,15.6
09222,2021,13.0,61.9,12.9
09222,2022,13.6,53.5,22.4
09222,2023,12.4,54.0,25.7
09222,2024,11.8,54.2,24.3
09223,2015,61.8,27.6,6.0
09223,2016,52.9,35.9,6.6
09223,2017,48.9,36.7,5.7
09223,2018,41.2,46.7,6.2
09223,2019,35.6,52.0,4.9
09223,2020,31.0,58.5,4.2
09223,2021,31.6,57.1,4.1
09223,2022,31.8,56.3,4.0
09223,2023,30.7,55.1,4.6
09223,2024,30.6,56.6,4.6
09224,2015,88.0,4.4,0.0
09224,2016,88.1,3.7,0.0
09224,2017,88.2,3.2,0.0
09224,2018,88.6,2.8,0.0
09224,2019,88.2,2.6,0.0
09224,2020,88.8,2.9,0.0
09224,2021,89.1,2.3,0.0
09224,2022,87.7,2.3,0.0
09224,2023,90.1,2.4,0.0
09224,2024,89.0,2.2,0.0
09225,2015,83.2,8.8,0.0
09225,2016,82.1,10.7,0.0
09225,2017,81.2,11.6,0.0
09225,2018,78.9,11.4,0.0
09225,2019,83.2,6.5,0.0
09225,2020,84.9,7.5,0.0
09225,2021,81.9,5.7,0.0
09225,2022,80.8,7.7,0.0
09225,2023,85.3,3.9,0.0
09225,2024,84.3,2.9,0.0
09230,2015,92.5,0.8,0.0
09230,2016,88.7,1.5,0.0
09230,2017,86.3,2.3,0.0
09230,2018,86.4,3.0,0.0
09230,2019,87.2,3.0,0.0
09230,2020,87.5,2.9,0.0
09230,2021,89.0,2.2,0.0
09230,2022,88.2,2.9,0.0
09230,2023,88.2,2.2,0.0
09230,2024,88.9,3.0,0.0
09231,2015,87.7,4.9,0.0
09231,2016,85.5,6.5,0.0
09231,2017,85.8,4.7,0.0
09231,2018,85.7,4.0,0.0
09231,2019,88.8,4.0,0.0
09231,2020,82.7,5.5,0.0
09231,2021,84.3,4.7,0.0
09231,2022,84.4,5.5,0.0
09231,2023,83.6,4.7,0.0
09231,2024,82.9,5.4,0.0
09232,2015,92.2,1.7,0.0
09232,2016,89.8,2.0,0.0
09232,2017,87.2,3.7,0.0
09232,2018,86.3,4.0,0.0
09232,2019,86.1,3.3,0.0
09232,2020,81.7,4.8,0.0
09232,2021,83.5,4.1,0.0
09232,2022,83.8,5.4,0.0
09232,2023,85.7,4.8,0.0
09232,2024,85.7,4.8,0.0
09233,2015,62.1,30.7,0.0
09233,2016,62.9,30.2,0.0
09233,2017,61.6,30.2,0.0
09233,2018,62.0,30.0,0.0
09233,2019,62.1,30.2,0.0
09233,2020,59.6,25.0,0.0
09233,2021,59.9,24.6,0.0
09233,2022,60.6,22.2,0.0
09233,2023,61.7,21.9,0.0
09233,2024,62.0,22.2,0.0
09234,2015,89.4,3.4,0.0
09234,2016,89.6,2.7,0.0
09234,2017,88.3,3.3,0.0
09234,2018,86.7,2.2,0.0
09234,2019,87.8,2.8,0.0
09234,2020,82.4,7.1,0.0
09234,2021,82.1,7.6,0.0
09234,2022,83.3,6.5,0.0
09234,2023,82.3,7.5,0.0
09234,2024,83.3,7.0,0.0
0923,2015,45.5,41.5,9.3
0923,2016,45.3,41.3,9.2
0923,2017,45.6,41.8,9.1
0923,2018,44.9,42.1,8.9
0923,2019,44.7,42.7,8.6
0923,2020,44.2,42.4,8.5
0923,2021,43.0,42.7,8.2
0923,2022,41.9,44.2,7.8
0923,2023,43.3,43.5,7.8
0923,2024,42.2,44.2,7.5
09240,2015,80.0,6.4,9.9
09240,2016,79.8,6.5,9.8
09240,2017,80.4,6.2,9.4
09240,2018,80.5,6.1,9.2
09240,2019,80.3,5.9,9.0
09240,2020,79.2,7.2,8.9
09240,2021,80.6,5.8,8.8
09240,2022,80.9,5.7,8.5
09240,2023,81.7,6.5,8.2
09240,2024,81.9,6.7,8.0
09241,2015,43.6,32.7,0.0
09241,2016,47.3,18.2,0.0
09241,2017,40.0,40.0,0.0
09241,2018,41.1,35.7,0.0
09241,2019,33.3,35.1,0.0
09241,2020,32.3,17.7,0.0
09241,2021,33.3,15.9,0.0
09241,2022,33.3,15.9,0.0
09241,2023,33.3,14.3,0.0
09241,2024,35.9,17.2,0.0
09250,2015,54.7,39.6,3.6
09250,2016,54.1,39.3,3.6
09250,2017,52.9,40.3,3.6
09250,2018,52.6,40.8,3.6
09250,2019,52.2,40.8,3.6
09250,2020,52.9,40.0,3.6
09250,2021,52.0,40.8,3.6
09250,2022,51.2,41.3,3.4
09250,2023,51.2,42.3,3.4
09250,2024,51.6,41.7,3.4
09251,2015,34.3,50.4,11.9
09251,2016,34.2,50.5,11.8
09251,2017,34.4,50.3,11.8
09251,2018,34.4,50.3,11.6
09251,2019,35.1,50.1,11.5
09251,2020,35.4,49.3,11.6
09251,2021,35.1,49.6,11.5
09251,2022,35.0,48.8,11.5
09251,2023,35.6,48.5,11.5
09251,2024,35.7,48.0,11.5
09252,2015,0.2,88.1,0.0
09252,2016,0.2,84.2,0.0
09252,2017,0.2,97.8,0.0
09252,2018,0.2,90.1,0.0
09252,2019,4.9,88.6,0.0
09252,2020,4.5,84.9,0.0
09252,2021,4.5,76.4,0.0
09252,2022,4.8,82.9,0.0
09252,2023,7.0,81.0,0.0
09252,2024,5.5,80.8,0.0
09253,2015,,,
09253,2016,,,
09253,2017,,,
09253,2018,,,
09253,2019,,,
09253,2020,,,
09253,2021,,,
09253,2022,,,
09253,2023,,,
09253,2024,,,
0924,2015,49.4,42.3,3.3
0924,2016,48.4,41.9,3.2
0924,2017,47.2,43.4,3.1
0924,2018,46.0,44.6,2.9
0924,2019,44.7,44.9,3.0
0924,2020,44.6,45.0,3.1
0924,2021,43.3,45.4,2.9
0924,2022,42.4,45.9,2.8
0924,2023,42.9,46.1,2.8
0924,2024,42.4,46.7,2.7
09260,2015,59.4,34.5,0.3
09260,2016,58.2,32.2,0.3
09260,2017,55.7,35.5,0.3
09260,2018,55.2,35.4,0.3
09260,2019,54.4,35.3,0.3
09260,2020,55.8,35.8,0.3
09260,2021,55.1,36.7,0.3
09260,2022,54.8,35.8,0.3
09260,2023,56.0,35.5,0.3
09260,2024,54.0,36.6,0.2
09261,2015,36.6,55.6,0.7
09261,2016,36.6,55.7,0.7
09261,2017,34.2,56.9,0.7
09261,2018,32.4,58.2,0.6
09261,2019,30.3,58.1,0.6
09261,2020,30.6,58.8,0.5
09261,2021,27.0,59.6,0.5
09261,2022,25.8,61.1,0.5
09261,2023,25.9,60.7,0.4
09261,2024,25.8,62.8,0.4
09262,2015,20.6,71.4,5.7
09262,2016,20.6,70.2,5.5
09262,2017,20.9,71.1,5.5
09262,2018,21.2,70.0,5.4
09262,2019,21.6,68.4,5.2
09262,2020,22.0,69.6,4.9
09262,2021,21.3,69.3,4.6
09262,2022,21.3,68.3,4.6
09262,2023,21.5,68.5,4.6
09262,2024,21.7,68.1,4.6
09263,2015,63.8,24.1,4.9
09263,2016,60.1,24.4,4.7
09263,2017,57.4,29.8,4.4
09263,2018,53.6,35.0,4.0
09263,2019,52.5,36.9,3.8
09263,2020,53.1,37.1,3.8
09263,2021,54.1,36.1,3.8
09263,2022,51.7,38.5,3.1
09263,2023,51.7,38.7,3.0
09263,2024,50.7,39.3,3.0
09264,2015,61.4,29.4,5.0
09264,2016,61.2,29.4,5.0
09264,2017,61.1,29.3,5.0
09264,2018,61.0,28.7,4.9
09264,2019,60.6,28.2,4.8
09264,2020,61.8,27.4,4.8
09264,2021,61.1,27.0,4.7
09264,2022,60.9,26.1,4.7
09264,2023,62.7,26.5,4.6
09264,2024,62.1,25.9,4.6
09265,2015,47.4,45.0,3.9
09265,2016,47.0,44.4,3.8
09265,2017,47.2,43.5,3.8
09265,2018,47.0,44.2,3.8
09265,2019,46.1,44.2,4.8
09265,2020,44.6,42.7,4.9
09265,2021,44.2,42.6,4.8
09265,2022,44.6,41.2,5.1
09265,2023,46.8,42.2,5.1
09265,2024,46.8,41.5,5.1
09266,2015,51.3,43.7,2.2
09266,2016,49.3,46.2,2.1
09266,2017,50.1,45.5,2.0
09266,2018,49.9,45.5,2.1
09266,2019,49.3,46.1,2.1
09266,2020,52.2,42.6,2.2
09266,2021,51.5,41.4,2.1
09266,2022,51.4,40.4,2.1
09266,2023,52.1,40.1,2.2
09266,2024,52.2,40.9,2.2
09267,2015,77.5,15.3,3.2
09267,2016,76.7,15.1,3.2
09267,2017,76.3,15.2,3.2
09267,2018,76.3,14.8,3.2
09267,2019,76.0,15.3,3.2
09267,2020,77.8,15.0,3.1
09267,2021,78.7,14.3,3.1
09267,2022,78.1,13.6,3.4
09267,2023,79.0,13.2,3.4
09267,2024,79.1,13.5,3.4
09268,2015,51.5,38.8,3.3
09268,2016,51.6,39.4,3.3
09268,2017,48.8,42.1,3.1
09268,2018,46.9,44.0,2.8
09268,2019,42.4,44.5,2.4
09268,2020,40.1,42.2,4.1
09268,2021,41.2,40.4,4.1
09268,2022,38.3,45.2,3.7
09268,2023,38.5,45.1,3.3
09268,2024,37.6,46.5,3.1
09269,2015,66.7,21.1,0.0
09269,2016,65.5,20.7,0.0
09269,2017,66.7,15.8,0.0
09269,2018,65.5,20.7,0.0
09269,2019,63.8,20.7,0.0
09269,2020,63.8,12.1,0.0
09269,2021,64.9,12.3,0.0
09269,2022,67.9,10.7,0.0
09269,2023,69.5,15.3,0.0
09269,2024,72.4,12.1,0.0
0925,2015,50.0,39.3,7.0
0925,2016,48.4,39.5,7.2
0925,2017,46.6,40.2,7.2
0925,2018,45.3,41.2,7.3
0925,2019,44.5,42.5,7.5
0925,2020,44.9,42.8,7.3
0925,2021,43.6,43.6,7.2
0925,2022,43.0,43.9,6.9
0925,2023,43.2,43.9,6.9
0925,2024,43.2,43.7,6.9
09270,2015,48.8,37.7,9.9
09270,2016,42.5,41.9,11.6
09270,2017,37.5,45.9,11.0
09270,2018,35.6,47.4,12.2
09270,2019,34.9,47.6,13.5
09270,2020,35.7,47.3,13.3
09270,2021,33.1,47.2,12.1
09270,2022,32.5,49.6,11.3
09270,2023,33.5,49.2,11.3
09270,2024,33.6,48.4,11.2
09271,2015,63.0,26.1,8.6
09271,2016,62.8,24.7,8.2
09271,2017,62.6,24.5,7.9
09271,2018,63.2,23.8,7.8
09271,2019,63.4,23.8,7.7
09271,2020,63.4,24.3,7.8
09271,2021,64.2,24.5,7.8
09271,2022,63.3,24.2,7.7
09271,2023,64.4,24.0,7.7
09271,2024,65.1,23.3,7.6
09272,2015,20.7,60.1,17.7
09272,2016,20.0,58.9,17.4
09272,2017,19.2,56.3,16.6
09272,2018,18.3,58.2,14.7
09272,2019,18.7,60.0,14.1
09272,2020,19.1,61.2,13.5
09272,2021,18.6,62.0,12.8
09272,2022,18.9,61.1,11.9
09272,2023,19.7,61.1,11.6
09272,2024,20.1,61.0,11.5
09273,2015,76.5,10.5,8.6
09273,2016,73.7,9.9,8.1
09273,2017,74.1,9.6,8.0
09273,2018,73.9,9.9,8.0
09273,2019,73.9,10.1,7.9
09273,2020,73.9,10.4,7.8
09273,2021,74.8,10.7,7.8
09273,2022,75.3,10.7,7.8
09273,2023,75.6,11.1,7.7
09273,2024,75.4,10.8,7.7
09274,2015,44.4,49.0,1.3
09274,2016,43.5,49.7,1.3
09274,2017,42.6,50.3,1.3
09274,2018,42.3,50.5,1.3
09274,2019,40.7,52.7,1.3
09274,2020,41.4,52.8,1.3
09274,2021,40.1,54.1,1.3
09274,2022,39.9,53.2,1.3
09274,2023,39.0,53.3,1.3
09274,2024,38.2,53.7,1.3
09275,2015,74.4,19.0,3.4
09275,2016,73.7,18.8,3.4
09275,2017,74.1,18.8,3.3
09275,2018,74.2,18.6,3.3
09275,2019,73.6,18.7,3.3
09275,2020,72.9,18.8,3.3
09275,2021,73.1,18.6,3.3
09275,2022,72.9,18.7,3.3
09275,2023,74.3,18.6,3.3
09275,2024,74.2,18.5,3.2
0926,2015,61.7,29.2,4.9
0926,2016,61.4,28.9,5.1
0926,2017,60.4,29.3,5.0
0926,2018,59.5,29.8,4.9
0926,2019,59.2,30.5,4.8
0926,2020,59.8,30.5,4.8
0926,2021,59.1,30.0,4.7
0926,2022,59.1,29.8,4.7
0926,2023,59.5,29.4,4.7
0926,2024,59.4,29.9,4.7
09280,2015,88.9,3.6,5.0
09280,2016,89.0,2.9,4.9
09280,2017,88.4,2.2,4.9
09280,2018,88.2,2.6,4.9
09280,2019,88.9,2.2,4.9
09280,2020,88.5,2.6,4.7
09280,2021,89.2,3.0,4.7
09280,2022,90.0,2.4,4.7
09280,2023,90.7,2.0,4.7
09280,2024,90.2,1.9,4.7
09281,2015,55.5,39.5,0.9
09281,2016,55.7,39.4,0.9
09281,2017,55.0,38.5,0.9
09281,2018,53.1,40.7,0.9
09281,2019,51.5,42.8,0.8
09281,2020,51.8,41.9,0.8
09281,2021,50.4,39.7,0.8
09281,2022,50.0,39.6,0.8
09281,2023,50.3,38.7,0.8
09281,2024,50.3,40.3,0.8
09282,2015,48.5,38.9,6.2
09282,2016,47.4,37.9,8.2
09282,2017,42.6,42.9,7.6
09282,2018,42.0,42.1,7.6
09282,2019,41.3,42.9,7.6
09282,2020,41.7,45.4,7.6
09282,2021,40.9,45.4,7.5
09282,2022,40.1,45.6,7.5
09282,2023,39.9,45.1,7.5
09282,2024,39.4,46.3,7.5
09283,2015,46.2,40.7,9.8
09283,2016,46.0,40.2,9.6
09283,2017,45.7,40.1,9.6
09283,2018,45.5,40.4,9.5
09283,2019,45.6,40.2,9.4
09283,2020,46.5,40.5,9.6
09283,2021,46.0,40.8,9.6
09283,2022,45.9,40.6,9.6
09283,2023,46.1,40.5,9.5
09283,2024,46.1,40.3,9.5
09284,2015,88.2,6.3,2.2
09284,2016,87.6,6.4,2.1
09284,2017,87.4,6.5,2.1
09284,2018,86.6,6.6,2.1
09284,2019,86.1,6.2,2.1
09284,2020,87.7,7.3,2.1
09284,2021,87.1,7.5,2.1
09284,2022,86.5,7.3,2.1
09284,2023,85.7,7.5,2.1
09284,2024,85.9,7.5,2.1
09285,2015,90.8,3.1,0.0
09285,2016,90.6,2.8,0.0
09285,2017,89.6,3.1,0.0
09285,2018,88.2,3.0,0.0
09285,2019,89.8,3.3,0.0
09285,2020,90.2,2.4,0.0
09285,2021,89.3,3.2,0.0
09285,2022,89.6,3.1,0.0
09285,2023,89.9,2.9,0.0
09285,2024,89.6,3.1,0.0
09286,2015,86.2,6.4,2.9
09286,2016,85.5,6.3,2.8
09286,2017,84.3,7.2,2.6
09286,2018,84.2,6.7,2.6
09286,2019,84.2,6.5,2.5
09286,2020,83.5,7.9,2.4
09286,2021,83.2,7.9,2.3
09286,2022,84.0,7.4,2.3
09286,2023,86.0,7.5,2.3
09286,2024,85.6,7.4,2.3
09287,2015,86.4,6.6,0.0
09287,2016,84.0,9.1,0.0
09287,2017,84.0,9.4,0.0
09287,2018,83.2,8.3,0.0
09287,2019,83.5,9.4,0.0
09287,2020,85.0,6.8,0.0
09287,2021,84.8,7.2,0.0
09287,2022,84.0,8.0,0.0
09287,2023,84.8,8.0,0.0
09287,2024,84.2,7.8,0.0
09288,2015,39.8,42.1,15.5
09288,2016,39.6,42.0,15.4
09288,2017,39.9,42.3,15.3
09288,2018,39.3,42.1,15.3
09288,2019,40.5,41.2,15.3
09288,2020,40.8,41.0,15.3
09288,2021,41.2,40.7,15.3
09288,2022,43.0,38.7,14.8
09288,2023,43.5,38.5,14.7
09288,2024,43.9,38.5,14.6
0927,2015,54.9,38.0,3.3
0927,2016,53.9,38.0,3.3
0927,2017,53.6,38.2,3.3
0927,2018,52.3,39.0,3.6
0927,2019,51.0,39.6,4.3
0927,2020,51.8,40.0,4.3
0927,2021,50.9,40.5,4.3
0927,2022,49.9,40.7,4.2
0927,2023,48.9,41.2,4.1
0927,2024,48.3,41.9,4.1
09290,2015,88.0,4.0,0.0
09290,2016,80.0,4.0,0.0
09290,2017,83.3,4.2,0.0
09290,2018,80.0,8.0,0.0
09290,2019,76.0,4.0,0.0
09290,2020,72.0,8.0,0.0
09290,2021,66.7,8.3,0.0
09290,2022,69.6,8.7,0.0
09290,2023,69.6,8.7,0.0
09290,2024,63.6,13.6,0.0
09291,2015,42.4,51.5,2.7
09291,2016,42.0,52.2,2.7
09291,2017,41.2,52.8,2.7
09291,2018,40.7,52.9,2.7
09291,2019,38.3,51.3,6.3
09291,2020,39.4,51.8,6.3
09291,2021,37.8,52.8,6.3
09291,2022,36.9,53.9,6.3
09291,2023,36.5,53.0,6.3
09291,2024,35.6,52.9,6.3
09292,2015,82.8,6.9,0.0
09292,2016,82.8,10.3,0.0
09292,2017,80.0,10.0,0.0
09292,2018,80.6,12.9,0.0
09292,2019,80.6,12.9,0.0
09292,2020,74.2,9.7,0.0
09292,2021,77.4,6.5,0.0
09292,2022,80.0,6.7,0.0
09292,2023,75.8,6.1,0.0
09292,2024,76.5,2.9,0.0
09293,2015,74.5,15.4,3.8
09293,2016,68.7,15.1,3.5
09293,2017,68.4,15.3,3.5
09293,2018,67.8,15.8,3.4
09293,2019,67.5,16.3,3.4
09293,2020,71.5,17.8,3.5
09293,2021,69.9,18.3,3.5
09293,2022,68.0,19.5,3.4
09293,2023,70.4,18.7,3.4
09293,2024,70.0,19.2,3.4
09294,2015,37.9,54.2,4.8
09294,2016,37.8,54.0,4.8
09294,2017,37.4,54.4,4.8
09294,2018,35.4,55.8,5.7
09294,2019,34.0,57.2,5.5
09294,2020,34.5,57.3,5.5
09294,2021,33.7,57.7,5.4
09294,2022,32.6,57.3,5.3
09294,2023,30.7,58.0,5.0
09294,2024,30.2,59.6,5.0
09295,2015,84.6,8.6,2.1
09295,2016,80.0,13.8,1.9
09295,2017,79.4,13.7,1.9
09295,2018,79.0,13.4,1.9
09295,2019,79.1,14.2,1.8
09295,2020,80.5,13.5,1.8
09295,2021,80.6,13.2,1.8
09295,2022,79.6,13.4,1.8
09295,2023,79.5,13.7,1.8
09295,2024,78.8,14.1,1.8
09296,2015,86.9,6.8,1.7
09296,2016,85.9,6.5,1.7
09296,2017,86.1,6.4,1.7
09296,2018,85.9,6.3,1.6
09296,2019,85.8,6.0,1.6
09296,2020,86.0,6.3,1.6
09296,2021,84.7,7.0,1.6
09296,2022,85.4,7.2,1.6
09296,2023,85.8,7.6,1.6
09296,2024,85.3,7.5,1.6
09297,2015,72.5,24.5,0.0
09297,2016,71.8,23.9,0.0
09297,2017,72.2,23.5,0.0
09297,2018,71.9,23.3,0.0
09297,2019,71.3,23.4,0.0
09297,2020,71.1,23.9,0.0
09297,2021,71.3,24.0,0.0
09297,2022,70.8,23.3,0.0
09297,2023,71.7,23.3,0.0
09297,2024,71.4,23.1,0.0
09298,2015,87.3,3.3,0.0
09298,2016,87.0,3.2,0.0
09298,2017,86.9,2.4,0.0
09298,2018,86.2,3.1,0.0
09298,2019,86.6,2.4,0.0
09298,2020,84.2,3.8,0.0
09298,2021,85.7,3.5,0.0
09298,2022,84.8,4.2,0.0
09298,2023,84.7,4.2,0.0
09298,2024,84.2,3.8,0.0
09299,2017,0.0,100.0,0.0
09299,2018,0.0,0.0,0.0
09299,2022,,,
235,2015,59.4,28.5,0.0
235,2016,60.0,26.9,0.0
235,2017,58.9,27.7,0.0
235,2018,58.9,28.6,0.0
235,2019,59.3,28.4,0.0
235,2020,59.8,31.2,0.0
235,2021,60.7,31.5,0.0
235,2022,59.9,31.3,0.0
235,2023,62.0,30.5,0.0
235,2024,62.4,29.8,0.0
